{"credit":"Madebykron","textures":{"4":"item/unique/keys/vote_key"},"elements":[{"from":[7,5,6],"to":[9,8,9],"rotation":{"angle":0,"axis":"y","origin":[0,0,21]},"faces":{"north":{"uv":[5,3,3,6],"texture":"#4"},"east":{"uv":[0,0,3,3],"texture":"#4"},"south":{"uv":[3,3,5,6],"texture":"#4"},"west":{"uv":[0,3,3,6],"texture":"#4"},"up":{"uv":[7,3,5,0],"texture":"#4"},"down":{"uv":[7,3,5,6],"texture":"#4"}}},{"from":[7.5,0,7],"to":[8.5,5,8],"rotation":{"angle":0,"axis":"y","origin":[0,0,21]},"faces":{"north":{"uv":[0,6,1,11],"texture":"#4"},"east":{"uv":[4,6,3,11],"texture":"#4"},"south":{"uv":[2,6,3,11],"texture":"#4"},"west":{"uv":[3,6,4,11],"texture":"#4"},"up":{"uv":[5,7,4,6],"texture":"#4"},"down":{"uv":[6,6,5,7],"texture":"#4"}}},{"from":[7.5,3,8],"to":[8.5,4,9],"rotation":{"angle":0,"axis":"y","origin":[0,0,21]},"faces":{"north":{"uv":[6,6,7,7],"texture":"#4"},"east":{"uv":[6,7,7,8],"texture":"#4"},"south":{"uv":[7,1,8,2],"texture":"#4"},"west":{"uv":[7,2,8,3],"texture":"#4"},"up":{"uv":[8,4,7,3],"texture":"#4"},"down":{"uv":[5,7,4,8],"texture":"#4"}}},{"from":[7.5,1,8],"to":[8.5,2,9],"rotation":{"angle":0,"axis":"y","origin":[0,0,21]},"faces":{"north":{"uv":[7,4,8,5],"texture":"#4"},"east":{"uv":[6,7,7,8],"texture":"#4"},"south":{"uv":[7,1,8,2],"texture":"#4"},"west":{"uv":[6,7,7,8],"texture":"#4"},"up":{"uv":[8,7,7,6],"texture":"#4"},"down":{"uv":[8,7,7,8],"texture":"#4"}}}],"gui_light":"front","display":{"thirdperson_righthand":{"rotation":[180,0,0],"translation":[0,0,1.75],"scale":[0.75,0.75,0.75]},"thirdperson_lefthand":{"rotation":[180,0,0],"translation":[0,0,1.75],"scale":[0.75,0.75,0.75]},"firstperson_righthand":{"rotation":[5,1,3],"translation":[1.75,7.75,2.5],"scale":[0.79,0.79,0.79]},"firstperson_lefthand":{"rotation":[5,180,3],"translation":[1.75,7.75,2.5],"scale":[0.79,0.79,0.79]},"ground":{"scale":[0.5,0.5,0.5]},"gui":{"rotation":[0,-90,0],"translation":[0,7.5,0],"scale":[1.9,1.9,1.9]},"head":{"translation":[0,-33,-1.5],"scale":[1.56,1.56,1.56]},"fixed":{"rotation":[0,90,0],"translation":[0,5.5,-0.25],"scale":[1.38,1.38,1.38]}},"groups":[{"name":"group","origin":[2.5,21.25,7.4],"color":0,"boneType":"","nbt":"{}","armAnimationEnabled":false,"children":[{"name":"group","origin":[2.5,16.6,-0.5],"color":0,"boneType":"","nbt":"{}","armAnimationEnabled":false,"children":[]},0,1,2,3]}]}