{
	"credit": "Made with Blockbench",
	"ambientocclusion": false,
	"texture_size": [32, 32],
	"textures": {
		"2": "item/pickaxes/ender_skin"
	},
	"elements": [
		{
			"from": [0, 3.125, 0],
			"to": [1, 15.125, 2],
			"rotation": {"angle": 0, "axis": "y", "origin": [0.48056, 13.89729, 0.99095]},
			"faces": {
				"north": {"uv": [5, 5, 5.5, 11], "texture": "#2"},
				"east": {"uv": [0, 0, 1, 6], "texture": "#2"},
				"south": {"uv": [5.5, 5.5, 6, 11.5], "texture": "#2"},
				"west": {"uv": [1, 1, 2, 7], "texture": "#2"},
				"up": {"uv": [6, 5.5, 5.5, 4.5], "texture": "#2"},
				"down": {"uv": [7.5, 3.5, 7, 4.5], "texture": "#2"}
			}
		},
		{
			"from": [0, 15.939, -4.25655],
			"to": [1, 18.439, 1.24345],
			"rotation": {"angle": -22.5, "axis": "x", "origin": [0.48056, 13.89729, 0.99095]},
			"faces": {
				"north": {"uv": [1, 7, 1.5, 8.5], "texture": "#2"},
				"east": {"uv": [2, 2, 5, 3.5], "texture": "#2"},
				"south": {"uv": [0, 10, 0.5, 11.5], "texture": "#2"},
				"west": {"uv": [2, 0, 5, 1.5], "texture": "#2"},
				"up": {"uv": [4.5, 9.5, 4, 6.5], "texture": "#2"},
				"down": {"uv": [5, 6.5, 4.5, 9.5], "texture": "#2"}
			}
		},
		{
			"from": [0, 15.94593, 0.75517],
			"to": [1, 18.44593, 6.25517],
			"rotation": {"angle": 22.5, "axis": "x", "origin": [0.48056, 13.89729, 0.99095]},
			"faces": {
				"north": {"uv": [0.5, 10, 1, 11.5], "texture": "#2"},
				"east": {"uv": [2, 3.5, 5, 5], "texture": "#2"},
				"south": {"uv": [1, 10, 1.5, 11.5], "texture": "#2"},
				"west": {"uv": [2, 5, 5, 6.5], "texture": "#2"},
				"up": {"uv": [2, 10, 1.5, 7], "texture": "#2"},
				"down": {"uv": [8, 8.5, 7.5, 11.5], "texture": "#2"}
			}
		},
		{
			"from": [0.25, 11.38972, -1.77725],
			"to": [0.75, 14.38972, -0.77725],
			"rotation": {"angle": 22.5, "axis": "x", "origin": [0.5, 12.03868, -1.25831]},
			"faces": {
				"north": {"uv": [2, 11.5, 1.5, 10], "rotation": 180, "texture": "#2"},
				"east": {"uv": [2, 1.5, 3.5, 2], "rotation": 90, "texture": "#2"},
				"south": {"uv": [3.5, 10, 3, 11.5], "texture": "#2"},
				"west": {"uv": [3.5, 1.5, 5, 2], "rotation": 270, "texture": "#2"},
				"up": {"uv": [7, 6, 7.5, 6.5], "texture": "#2"},
				"down": {"uv": [5, 4.5, 5.5, 5], "rotation": 180, "texture": "#2"}
			}
		},
		{
			"from": [0, 10.18764, -1.83938],
			"to": [1, 12.18764, -0.63938],
			"rotation": {"angle": 22.5, "axis": "x", "origin": [0.5, 12.03868, -1.25831]},
			"faces": {
				"north": {"uv": [10.5, 10, 10, 9], "rotation": 180, "texture": "#2"},
				"east": {"uv": [7.5, 1.5, 8.5, 2], "rotation": 90, "texture": "#2"},
				"south": {"uv": [4.5, 10.5, 4, 11.5], "texture": "#2"},
				"west": {"uv": [10, 0, 11, 0.5], "rotation": 270, "texture": "#2"},
				"up": {"uv": [8.5, 8, 9, 8.5], "texture": "#2"},
				"down": {"uv": [8.5, 3, 9, 3.5], "rotation": 180, "texture": "#2"}
			}
		},
		{
			"from": [0.25, 11.38972, 2.75225],
			"to": [0.75, 14.38972, 3.75225],
			"rotation": {"angle": -22.5, "axis": "x", "origin": [0.5, 12.03868, 3.23331]},
			"faces": {
				"north": {"uv": [6.5, 10, 6, 11.5], "rotation": 180, "texture": "#2"},
				"east": {"uv": [7, 6.5, 8.5, 7], "rotation": 270, "texture": "#2"},
				"south": {"uv": [4, 11.5, 3.5, 10], "texture": "#2"},
				"west": {"uv": [9.5, 7, 11, 7.5], "rotation": 90, "texture": "#2"},
				"up": {"uv": [9, 1, 9.5, 1.5], "rotation": 180, "texture": "#2"},
				"down": {"uv": [9, 6, 9.5, 6.5], "texture": "#2"}
			}
		},
		{
			"from": [0, 10.18764, 2.61438],
			"to": [1, 12.18764, 3.81438],
			"rotation": {"angle": -22.5, "axis": "x", "origin": [0.5, 12.03868, 3.23331]},
			"faces": {
				"north": {"uv": [11, 1, 10.5, 2], "rotation": 180, "texture": "#2"},
				"east": {"uv": [10, 0.5, 11, 1], "rotation": 270, "texture": "#2"},
				"south": {"uv": [5, 11.5, 4.5, 10.5], "texture": "#2"},
				"west": {"uv": [10.5, 10.5, 11.5, 11], "rotation": 90, "texture": "#2"},
				"up": {"uv": [9.5, 7.5, 10, 8], "rotation": 180, "texture": "#2"},
				"down": {"uv": [11, 3.5, 11.5, 4], "texture": "#2"}
			}
		},
		{
			"from": [-0.0011, 10.61456, -6.96553],
			"to": [1.0011, 13.61676, -3.96333],
			"rotation": {"angle": 22.5, "axis": "x", "origin": [0.48056, 13.89729, 0.99095]},
			"faces": {
				"north": {"uv": [6.5, 10, 7, 11.5], "texture": "#2"},
				"east": {"uv": [6, 4.5, 7.5, 6], "texture": "#2"},
				"south": {"uv": [7, 10, 7.5, 11.5], "texture": "#2"},
				"west": {"uv": [7, 7, 8.5, 8.5], "texture": "#2"},
				"up": {"uv": [8.5, 11.5, 8, 10], "texture": "#2"},
				"down": {"uv": [9, 10, 8.5, 11.5], "texture": "#2"}
			}
		},
		{
			"from": [-0.0011, 10.60764, 5.96195],
			"to": [1.0011, 13.60984, 8.96415],
			"rotation": {"angle": -22.5, "axis": "x", "origin": [0.48056, 13.89729, 0.99095]},
			"faces": {
				"north": {"uv": [9, 10, 9.5, 11.5], "texture": "#2"},
				"east": {"uv": [7, 2, 8.5, 3.5], "texture": "#2"},
				"south": {"uv": [9.5, 10, 10, 11.5], "texture": "#2"},
				"west": {"uv": [7.5, 0, 9, 1.5], "texture": "#2"},
				"up": {"uv": [10.5, 11.5, 10, 10], "texture": "#2"},
				"down": {"uv": [10.5, 3, 10, 4.5], "texture": "#2"}
			}
		},
		{
			"from": [-0.001, 15.09161, -3.21537],
			"to": [1.001, 18.09361, -0.21337],
			"rotation": {"angle": 45, "axis": "x", "origin": [0.48056, 13.89729, 0.99095]},
			"faces": {
				"north": {"uv": [10, 4.5, 10.5, 6], "texture": "#2"},
				"east": {"uv": [7.5, 3.5, 9, 5], "texture": "#2"},
				"south": {"uv": [10, 7.5, 10.5, 9], "texture": "#2"},
				"west": {"uv": [7.5, 5, 9, 6.5], "texture": "#2"},
				"up": {"uv": [2.5, 12, 2, 10.5], "texture": "#2"},
				"down": {"uv": [3, 10.5, 2.5, 12], "texture": "#2"}
			}
		},
		{
			"from": [-0.3001, 14.41602, -1.51622],
			"to": [1.2001, 16.41622, 3.48398],
			"rotation": {"angle": 0, "axis": "x", "origin": [0.48056, 13.89729, 0.99095]},
			"faces": {
				"north": {"uv": [1, 0, 2, 1], "texture": "#2"},
				"east": {"uv": [5, 0, 7.5, 1], "texture": "#2"},
				"south": {"uv": [3, 9, 4, 10], "texture": "#2"},
				"west": {"uv": [5, 1, 7.5, 2], "texture": "#2"},
				"up": {"uv": [6, 4.5, 5, 2], "texture": "#2"},
				"down": {"uv": [1, 6, 0, 8.5], "texture": "#2"}
			}
		},
		{
			"from": [-0.3, 13.9056, 1.28685],
			"to": [1.2, 16.02692, 2.38685],
			"rotation": {"angle": 45, "axis": "x", "origin": [0.48056, 13.89729, 0.99095]},
			"faces": {
				"north": {"uv": [9, 9, 10, 10], "texture": "#2"},
				"east": {"uv": [10.5, 2, 11, 3], "texture": "#2"},
				"south": {"uv": [9, 0, 10, 1], "texture": "#2"},
				"west": {"uv": [10.5, 3, 11, 4], "texture": "#2"},
				"up": {"uv": [11.5, 4.5, 10.5, 4], "texture": "#2"},
				"down": {"uv": [11.5, 4.5, 10.5, 5], "texture": "#2"}
			}
		},
		{
			"from": [-0.3, 13.91561, 3.45993],
			"to": [1.2, 16.03693, 4.53481],
			"rotation": {"angle": -45, "axis": "x", "origin": [0.48056, 13.89729, 0.99095]},
			"faces": {
				"north": {"uv": [9, 3, 10, 4], "texture": "#2"},
				"east": {"uv": [10.5, 5, 11, 6], "texture": "#2"},
				"south": {"uv": [9, 4, 10, 5], "texture": "#2"},
				"west": {"uv": [10.5, 6, 11, 7], "texture": "#2"},
				"up": {"uv": [11.5, 8, 10.5, 7.5], "texture": "#2"},
				"down": {"uv": [11.5, 8, 10.5, 8.5], "texture": "#2"}
			}
		},
		{
			"from": [-0.301, 12.91512, -0.01712],
			"to": [1.201, 17.91712, 1.98488],
			"rotation": {"angle": 0, "axis": "x", "origin": [0.48056, 13.89729, 0.99095]},
			"faces": {
				"north": {"uv": [6, 6, 7, 8.5], "texture": "#2"},
				"east": {"uv": [6, 2, 7, 4.5], "texture": "#2"},
				"south": {"uv": [2, 6.5, 3, 9], "texture": "#2"},
				"west": {"uv": [3, 6.5, 4, 9], "texture": "#2"},
				"up": {"uv": [10, 6, 9, 5], "texture": "#2"},
				"down": {"uv": [10, 8, 9, 9], "texture": "#2"}
			}
		},
		{
			"from": [-0.551, 13.48294, -1.57135],
			"to": [1.451, 16.48494, 1.43065],
			"rotation": {"angle": 45, "axis": "x", "origin": [0.48056, 13.89729, 0.99095]},
			"faces": {
				"north": {"uv": [8, 8.5, 9, 10], "texture": "#2"},
				"east": {"uv": [0, 8.5, 1.5, 10], "texture": "#2"},
				"south": {"uv": [8.5, 1.5, 9.5, 3], "texture": "#2"},
				"west": {"uv": [6, 8.5, 7.5, 10], "texture": "#2"},
				"up": {"uv": [9.5, 8, 8.5, 6.5], "texture": "#2"},
				"down": {"uv": [3, 9, 2, 10.5], "texture": "#2"}
			}
		},
		{
			"from": [-0.3, 13.9056, -2.56289],
			"to": [1.2, 16.02692, -1.48802],
			"rotation": {"angle": 45, "axis": "x", "origin": [0.48056, 13.89729, 0.99095]},
			"faces": {
				"north": {"uv": [4, 9.5, 5, 10.5], "texture": "#2"},
				"east": {"uv": [10.5, 8.5, 11, 9.5], "texture": "#2"},
				"south": {"uv": [9.5, 1, 10.5, 2], "texture": "#2"},
				"west": {"uv": [10.5, 9.5, 11, 10.5], "texture": "#2"},
				"up": {"uv": [11.5, 11.5, 10.5, 11], "texture": "#2"},
				"down": {"uv": [12, 0, 11, 0.5], "texture": "#2"}
			}
		},
		{
			"from": [-0.3, 13.91561, -0.41494],
			"to": [1.2, 16.03693, 0.65993],
			"rotation": {"angle": -45, "axis": "x", "origin": [0.48056, 13.89729, 0.99095]},
			"faces": {
				"north": {"uv": [9.5, 2, 10.5, 3], "texture": "#2"},
				"east": {"uv": [5, 11, 5.5, 12], "texture": "#2"},
				"south": {"uv": [9.5, 6, 10.5, 7], "texture": "#2"},
				"west": {"uv": [11, 0.5, 11.5, 1.5], "texture": "#2"},
				"up": {"uv": [12, 2, 11, 1.5], "texture": "#2"},
				"down": {"uv": [12, 2, 11, 2.5], "texture": "#2"}
			}
		},
		{
			"from": [-0.25, 1.625, -0.25],
			"to": [1.25, 3.125, 2.25],
			"rotation": {"angle": 0, "axis": "y", "origin": [0.48056, 13.89729, 0.99095]},
			"faces": {
				"north": {"uv": [11, 7, 11.5, 7.5], "texture": "#2"},
				"east": {"uv": [11, 2.5, 12, 3], "texture": "#2"},
				"south": {"uv": [11, 8.5, 11.5, 9], "texture": "#2"},
				"west": {"uv": [11, 3, 12, 3.5], "texture": "#2"},
				"up": {"uv": [11.5, 6, 11, 5], "texture": "#2"},
				"down": {"uv": [11.5, 6, 11, 7], "texture": "#2"}
			}
		}
	],
	"display": {
		"thirdperson": {
			"rotation": [-70, 0, 0],
			"translation": [4, 4, -2],
			"scale": [1, 1, 1]
		},
		"firstperson": {
			"rotation": [0, -30, 0],
			"translation": [0, 1, 6.9],
			"scale": [1.5, 1.5, 1.5]
		},
		"ground": {
			"translation": [5.75, 0, 5.25],
			"scale": [3, 3, 3]
		},
		"gui": {
			"rotation": [-20 , 0, 20],
			"translation": [5, 2, 5],
			"scale": [1.5, 1.5, 1.5]
		},
		"fixed": {
			"rotation": [90, 0, 90],
			"translation": [3, -7, 8],
			"scale": [2, 2, 2]
		}
	},
	"groups": [
		{
			"name": "EndPickaxe",
			"origin": [8, 8, 8],
			"children": [0, 1, 2, 3, 4, 5, 6, 7, 8, 9, 10, 11, 12, 13, 14, 15, 16, 17]
		}
	]
}