{
	"credit": "www.sebxter.pl",
	"texture_size": [64, 64],
	"textures": {
		"0": "item/pickaxes/infinity_pickaxe",
		"particle": "item/pickaxes/infinity_pickaxe"
	},
	"elements": [
		{
			"from": [6, 0, 6],
			"to": [10, 4, 10],
			"rotation": {"angle": 45, "axis": "z", "origin": [8, 2, 8]},
			"faces": {
				"north": {"uv": [2.008, 0.008, 2.992, 0.992], "texture": "#0"},
				"east": {"uv": [2.008, 1.258, 2.992, 2.242], "texture": "#0"},
				"south": {"uv": [2.008, 2.508, 2.992, 3.492], "texture": "#0"},
				"west": {"uv": [3.258, 0.008, 4.242, 0.992], "texture": "#0"},
				"up": {"uv": [4.242, 2.242, 3.258, 1.258], "texture": "#0"},
				"down": {"uv": [4.242, 2.508, 3.258, 3.492], "texture": "#0"}
			}
		},
		{
			"from": [6.5, 2, 6.5],
			"to": [9.5, 8, 9.5],
			"rotation": {"angle": 0, "axis": "z", "origin": [8.5, 2, 8.5]},
			"faces": {
				"north": {"uv": [0.008, 0.008, 0.742, 1.492], "texture": "#0"},
				"east": {"uv": [1.008, 0.008, 1.742, 1.492], "texture": "#0"},
				"south": {"uv": [0.008, 1.758, 0.742, 3.242], "texture": "#0"},
				"west": {"uv": [1.008, 1.758, 1.742, 3.242], "texture": "#0"},
				"up": {"uv": [3.742, 4.492, 3.008, 3.758], "texture": "#0"},
				"down": {"uv": [4.742, 3.758, 4.008, 4.492], "texture": "#0"}
			}
		},
		{
			"from": [7, 9, 7],
			"to": [9, 15, 9],
			"rotation": {"angle": 0, "axis": "z", "origin": [8, 2, 9]},
			"faces": {
				"north": {"uv": [0.008, 3.508, 0.492, 4.992], "texture": "#0"},
				"east": {"uv": [0.758, 3.508, 1.242, 4.992], "texture": "#0"},
				"south": {"uv": [1.508, 3.758, 1.992, 5.242], "texture": "#0"},
				"west": {"uv": [2.258, 3.758, 2.742, 5.242], "texture": "#0"},
				"up": {"uv": [7.242, 2.492, 6.758, 2.008], "texture": "#0"},
				"down": {"uv": [7.242, 2.758, 6.758, 3.242], "texture": "#0"}
			}
		},
		{
			"from": [6.5, 24.75, 7.5],
			"to": [9.5, 27.75, 8.5],
			"rotation": {"angle": 45, "axis": "z", "origin": [8, 26.25, 8]},
			"faces": {
				"north": {"uv": [4.508, 0.008, 5.242, 0.742], "texture": "#0"},
				"east": {"uv": [7.508, 7.758, 7.742, 8.492], "texture": "#0"},
				"south": {"uv": [4.508, 1.008, 5.242, 1.742], "texture": "#0"},
				"west": {"uv": [0.008, 8.008, 0.242, 8.742], "texture": "#0"},
				"up": {"uv": [8.242, 6.742, 7.508, 6.508], "texture": "#0"},
				"down": {"uv": [8.492, 5.258, 7.758, 5.492], "texture": "#0"}
			}
		},
		{
			"from": [7, 16, 7],
			"to": [9, 18, 9],
			"rotation": {"angle": 45, "axis": "x", "origin": [8, 17, 8]},
			"faces": {
				"north": {"uv": [6.758, 3.508, 7.242, 3.992], "texture": "#0"},
				"east": {"uv": [6.758, 4.258, 7.242, 4.742], "texture": "#0"},
				"south": {"uv": [6.758, 6.258, 7.242, 6.742], "texture": "#0"},
				"west": {"uv": [0.758, 7.008, 1.242, 7.492], "texture": "#0"},
				"up": {"uv": [7.492, 5.492, 7.008, 5.008], "texture": "#0"},
				"down": {"uv": [6.242, 7.008, 5.758, 7.492], "texture": "#0"}
			}
		},
		{
			"from": [7, 18, 7],
			"to": [9, 20, 9],
			"rotation": {"angle": -45, "axis": "z", "origin": [8, 19, 8]},
			"faces": {
				"north": {"uv": [6.508, 7.008, 6.992, 7.492], "texture": "#0"},
				"east": {"uv": [0.008, 7.258, 0.492, 7.742], "texture": "#0"},
				"south": {"uv": [1.508, 7.258, 1.992, 7.742], "texture": "#0"},
				"west": {"uv": [2.258, 7.258, 2.742, 7.742], "texture": "#0"},
				"up": {"uv": [3.492, 7.742, 3.008, 7.258], "texture": "#0"},
				"down": {"uv": [4.242, 7.258, 3.758, 7.742], "texture": "#0"}
			}
		},
		{
			"from": [7, 22, 7],
			"to": [9, 24, 9],
			"rotation": {"angle": -45, "axis": "z", "origin": [8, 23, 8]},
			"faces": {
				"north": {"uv": [6.508, 7.008, 6.992, 7.492], "texture": "#0"},
				"east": {"uv": [0.008, 7.258, 0.492, 7.742], "texture": "#0"},
				"south": {"uv": [1.508, 7.258, 1.992, 7.742], "texture": "#0"},
				"west": {"uv": [2.258, 7.258, 2.742, 7.742], "texture": "#0"},
				"up": {"uv": [3.492, 7.742, 3.008, 7.258], "texture": "#0"},
				"down": {"uv": [4.242, 7.258, 3.758, 7.742], "texture": "#0"}
			}
		},
		{
			"from": [7, 20, 7],
			"to": [9, 22, 9],
			"rotation": {"angle": 45, "axis": "x", "origin": [8, 21, 8]},
			"faces": {
				"north": {"uv": [6.758, 3.508, 7.242, 3.992], "texture": "#0"},
				"east": {"uv": [6.758, 4.258, 7.242, 4.742], "texture": "#0"},
				"south": {"uv": [6.758, 6.258, 7.242, 6.742], "texture": "#0"},
				"west": {"uv": [0.758, 7.008, 1.242, 7.492], "texture": "#0"},
				"up": {"uv": [7.492, 5.492, 7.008, 5.008], "texture": "#0"},
				"down": {"uv": [6.242, 7.008, 5.758, 7.492], "texture": "#0"}
			}
		},
		{
			"from": [6, 23.5, 7],
			"to": [10, 25.5, 9],
			"rotation": {"angle": 45, "axis": "x", "origin": [8, 24.5, 8]},
			"faces": {
				"north": {"uv": [0.008, 5.258, 0.992, 5.742], "texture": "#0"},
				"east": {"uv": [4.508, 7.258, 4.992, 7.742], "texture": "#0"},
				"south": {"uv": [5.508, 0.008, 6.492, 0.492], "texture": "#0"},
				"west": {"uv": [7.258, 7.008, 7.742, 7.492], "texture": "#0"},
				"up": {"uv": [6.492, 1.242, 5.508, 0.758], "texture": "#0"},
				"down": {"uv": [2.242, 5.508, 1.258, 5.992], "texture": "#0"}
			}
		},
		{
			"from": [11.77972, 25.40668, 7],
			"to": [14.77972, 27.40668, 9],
			"rotation": {"angle": 22.5, "axis": "z", "origin": [16.1182, 22.58536, 8]},
			"faces": {
				"north": {"uv": [6.008, 5.508, 6.742, 5.992], "texture": "#0"},
				"east": {"uv": [7.508, 0.008, 7.992, 0.492], "texture": "#0"},
				"south": {"uv": [0.758, 6.258, 1.492, 6.742], "texture": "#0"},
				"west": {"uv": [7.508, 0.758, 7.992, 1.242], "texture": "#0"},
				"up": {"uv": [6.492, 6.742, 5.758, 6.258], "texture": "#0"},
				"down": {"uv": [2.492, 6.508, 1.758, 6.992], "texture": "#0"}
			}
		},
		{
			"from": [11.54579, 23.37252, 7],
			"to": [15.54579, 25.37252, 9],
			"rotation": {"angle": -22.5, "axis": "z", "origin": [15.19432, 22.20267, 8]},
			"faces": {
				"north": {"uv": [5.508, 1.508, 6.492, 1.992], "texture": "#0"},
				"east": {"uv": [7.508, 1.508, 7.992, 1.992], "texture": "#0"},
				"south": {"uv": [5.508, 2.258, 6.492, 2.742], "texture": "#0"},
				"west": {"uv": [7.508, 2.258, 7.992, 2.742], "texture": "#0"},
				"up": {"uv": [3.492, 6.242, 2.508, 5.758], "texture": "#0"},
				"down": {"uv": [4.742, 5.758, 3.758, 6.242], "texture": "#0"}
			}
		},
		{
			"from": [15.68427, 20.19557, 7],
			"to": [17.68427, 24.19557, 9],
			"rotation": {"angle": 22.5, "axis": "z", "origin": [15.19432, 22.20267, 8]},
			"faces": {
				"north": {"uv": [0.008, 6.008, 0.492, 6.992], "texture": "#0"},
				"east": {"uv": [6.008, 3.008, 6.492, 3.992], "texture": "#0"},
				"south": {"uv": [6.008, 4.258, 6.492, 5.242], "texture": "#0"},
				"west": {"uv": [5.008, 6.008, 5.492, 6.992], "texture": "#0"},
				"up": {"uv": [7.992, 3.492, 7.508, 3.008], "texture": "#0"},
				"down": {"uv": [7.992, 3.758, 7.508, 4.242], "texture": "#0"}
			}
		},
		{
			"from": [14.68427, 22.44557, 7.5],
			"to": [15.68427, 24.44557, 8.5],
			"rotation": {"angle": 22.5, "axis": "z", "origin": [15.19432, 22.20267, 8]},
			"faces": {
				"north": {"uv": [4.508, 3.008, 4.742, 3.492], "texture": "#0"},
				"east": {"uv": [4.508, 8.008, 4.742, 8.492], "texture": "#0"},
				"south": {"uv": [8.258, 2.008, 8.492, 2.492], "texture": "#0"},
				"west": {"uv": [8.258, 2.758, 8.492, 3.242], "texture": "#0"},
				"up": {"uv": [7.242, 5.992, 7.008, 5.758], "texture": "#0"},
				"down": {"uv": [5.492, 7.258, 5.258, 7.492], "texture": "#0"}
			}
		},
		{
			"from": [12.2094, 24.09711, 7.5],
			"to": [14.2094, 25.09711, 8.5],
			"rotation": {"angle": 22.5, "axis": "z", "origin": [14.7094, 23.34711, 8]},
			"faces": {
				"north": {"uv": [8.258, 3.508, 8.742, 3.742], "texture": "#0"},
				"east": {"uv": [8.508, 8.508, 8.742, 8.742], "texture": "#0"},
				"south": {"uv": [8.258, 4.008, 8.742, 4.242], "texture": "#0"},
				"west": {"uv": [8.758, 2.008, 8.992, 2.242], "texture": "#0"},
				"up": {"uv": [8.742, 5.992, 8.258, 5.758], "texture": "#0"},
				"down": {"uv": [0.992, 8.508, 0.508, 8.742], "texture": "#0"}
			}
		},
		{
			"from": [16.68427, 19.19557, 7],
			"to": [18.68427, 20.19557, 9],
			"rotation": {"angle": 22.5, "axis": "z", "origin": [15.19432, 22.20267, 8]},
			"faces": {
				"north": {"uv": [3.508, 8.508, 3.992, 8.742], "texture": "#0"},
				"east": {"uv": [8.508, 4.508, 8.992, 4.742], "texture": "#0"},
				"south": {"uv": [5.008, 8.508, 5.492, 8.742], "texture": "#0"},
				"west": {"uv": [5.758, 8.508, 6.242, 8.742], "texture": "#0"},
				"up": {"uv": [7.992, 6.242, 7.508, 5.758], "texture": "#0"},
				"down": {"uv": [1.242, 7.758, 0.758, 8.242], "texture": "#0"}
			}
		},
		{
			"from": [18.56938, 18.76001, 7],
			"to": [19.56938, 20.76001, 9],
			"rotation": {"angle": 0, "axis": "z", "origin": [19.06938, 19.76001, 8]},
			"faces": {
				"north": {"uv": [8.508, 6.258, 8.742, 6.742], "texture": "#0"},
				"east": {"uv": [7.758, 4.508, 8.242, 4.992], "texture": "#0"},
				"south": {"uv": [6.508, 8.508, 6.742, 8.992], "texture": "#0"},
				"west": {"uv": [5.258, 7.758, 5.742, 8.242], "texture": "#0"},
				"up": {"uv": [7.242, 8.992, 7.008, 8.508], "texture": "#0"},
				"down": {"uv": [8.242, 8.508, 8.008, 8.992], "texture": "#0"}
			}
		},
		{
			"from": [15.40388, 23.13307, 6.5],
			"to": [17.40388, 25.13307, 9.5],
			"rotation": {"angle": 45, "axis": "z", "origin": [15.90388, 24.38307, 8]},
			"faces": {
				"north": {"uv": [6.008, 7.758, 6.492, 8.242], "texture": "#0"},
				"east": {"uv": [2.758, 6.508, 3.492, 6.992], "texture": "#0"},
				"south": {"uv": [6.758, 7.758, 7.242, 8.242], "texture": "#0"},
				"west": {"uv": [3.758, 6.508, 4.492, 6.992], "texture": "#0"},
				"up": {"uv": [7.242, 0.742, 6.758, 0.008], "texture": "#0"},
				"down": {"uv": [7.242, 1.008, 6.758, 1.742], "texture": "#0"}
			}
		},
		{
			"from": [10, 23, 6.5],
			"to": [11, 26, 9.5],
			"rotation": {"angle": 45, "axis": "x", "origin": [8, 24.5, 8]},
			"faces": {
				"north": {"uv": [1.508, 8.008, 1.742, 8.742], "texture": "#0"},
				"east": {"uv": [4.508, 2.008, 5.242, 2.742], "texture": "#0"},
				"south": {"uv": [2.008, 8.008, 2.242, 8.742], "texture": "#0"},
				"west": {"uv": [3.008, 4.758, 3.742, 5.492], "texture": "#0"},
				"up": {"uv": [2.742, 8.742, 2.508, 8.008], "texture": "#0"},
				"down": {"uv": [3.242, 8.008, 3.008, 8.742], "texture": "#0"}
			}
		},
		{
			"from": [-3.56938, 18.76001, 7],
			"to": [-2.56938, 20.76001, 9],
			"rotation": {"angle": 0, "axis": "z", "origin": [-3.06938, 19.76001, 8]},
			"faces": {
				"north": {"uv": [8.742, 6.258, 8.508, 6.742], "texture": "#0"},
				"east": {"uv": [5.742, 7.758, 5.258, 8.242], "texture": "#0"},
				"south": {"uv": [6.742, 8.508, 6.508, 8.992], "texture": "#0"},
				"west": {"uv": [8.242, 4.508, 7.758, 4.992], "texture": "#0"},
				"up": {"uv": [7.008, 8.992, 7.242, 8.508], "texture": "#0"},
				"down": {"uv": [8.008, 8.508, 8.242, 8.992], "texture": "#0"}
			}
		},
		{
			"from": [-2.68427, 19.19557, 7],
			"to": [-0.68427, 20.19557, 9],
			"rotation": {"angle": -22.5, "axis": "z", "origin": [0.80568, 22.20267, 8]},
			"faces": {
				"north": {"uv": [3.992, 8.508, 3.508, 8.742], "texture": "#0"},
				"east": {"uv": [6.242, 8.508, 5.758, 8.742], "texture": "#0"},
				"south": {"uv": [5.492, 8.508, 5.008, 8.742], "texture": "#0"},
				"west": {"uv": [8.992, 4.508, 8.508, 4.742], "texture": "#0"},
				"up": {"uv": [7.508, 6.242, 7.992, 5.758], "texture": "#0"},
				"down": {"uv": [0.758, 7.758, 1.242, 8.242], "texture": "#0"}
			}
		},
		{
			"from": [-1.68427, 20.19557, 7],
			"to": [0.31573, 24.19557, 9],
			"rotation": {"angle": -22.5, "axis": "z", "origin": [0.80568, 22.20267, 8]},
			"faces": {
				"north": {"uv": [0.492, 6.008, 0.008, 6.992], "texture": "#0"},
				"east": {"uv": [5.492, 6.008, 5.008, 6.992], "texture": "#0"},
				"south": {"uv": [6.492, 4.258, 6.008, 5.242], "texture": "#0"},
				"west": {"uv": [6.492, 3.008, 6.008, 3.992], "texture": "#0"},
				"up": {"uv": [7.508, 3.492, 7.992, 3.008], "texture": "#0"},
				"down": {"uv": [7.508, 3.758, 7.992, 4.242], "texture": "#0"}
			}
		},
		{
			"from": [-1.40388, 23.13307, 6.5],
			"to": [0.59612, 25.13307, 9.5],
			"rotation": {"angle": -45, "axis": "z", "origin": [0.09612, 24.38307, 8]},
			"faces": {
				"north": {"uv": [6.492, 7.758, 6.008, 8.242], "texture": "#0"},
				"east": {"uv": [4.492, 6.508, 3.758, 6.992], "texture": "#0"},
				"south": {"uv": [7.242, 7.758, 6.758, 8.242], "texture": "#0"},
				"west": {"uv": [3.492, 6.508, 2.758, 6.992], "texture": "#0"},
				"up": {"uv": [6.758, 0.742, 7.242, 0.008], "texture": "#0"},
				"down": {"uv": [6.758, 1.008, 7.242, 1.742], "texture": "#0"}
			}
		},
		{
			"from": [1.22028, 25.40668, 7],
			"to": [4.22028, 27.40668, 9],
			"rotation": {"angle": -22.5, "axis": "z", "origin": [-0.1182, 22.58536, 8]},
			"faces": {
				"north": {"uv": [6.742, 5.508, 6.008, 5.992], "texture": "#0"},
				"east": {"uv": [7.992, 0.758, 7.508, 1.242], "texture": "#0"},
				"south": {"uv": [1.492, 6.258, 0.758, 6.742], "texture": "#0"},
				"west": {"uv": [7.992, 0.008, 7.508, 0.492], "texture": "#0"},
				"up": {"uv": [5.758, 6.742, 6.492, 6.258], "texture": "#0"},
				"down": {"uv": [1.758, 6.508, 2.492, 6.992], "texture": "#0"}
			}
		},
		{
			"from": [0.45421, 23.37252, 7],
			"to": [4.45421, 25.37252, 9],
			"rotation": {"angle": 22.5, "axis": "z", "origin": [0.80568, 22.20267, 8]},
			"faces": {
				"north": {"uv": [6.492, 1.508, 5.508, 1.992], "texture": "#0"},
				"east": {"uv": [7.992, 2.258, 7.508, 2.742], "texture": "#0"},
				"south": {"uv": [6.492, 2.258, 5.508, 2.742], "texture": "#0"},
				"west": {"uv": [7.992, 1.508, 7.508, 1.992], "texture": "#0"},
				"up": {"uv": [2.508, 6.242, 3.492, 5.758], "texture": "#0"},
				"down": {"uv": [3.758, 5.758, 4.742, 6.242], "texture": "#0"}
			}
		},
		{
			"from": [1.7906, 24.09711, 7.5],
			"to": [3.7906, 25.09711, 8.5],
			"rotation": {"angle": -22.5, "axis": "z", "origin": [1.2906, 23.34711, 8]},
			"faces": {
				"north": {"uv": [8.742, 3.508, 8.258, 3.742], "texture": "#0"},
				"east": {"uv": [8.992, 2.008, 8.758, 2.242], "texture": "#0"},
				"south": {"uv": [8.742, 4.008, 8.258, 4.242], "texture": "#0"},
				"west": {"uv": [8.742, 8.508, 8.508, 8.742], "texture": "#0"},
				"up": {"uv": [8.258, 5.992, 8.742, 5.758], "texture": "#0"},
				"down": {"uv": [0.508, 8.508, 0.992, 8.742], "texture": "#0"}
			}
		},
		{
			"from": [0.31573, 22.44557, 7.5],
			"to": [1.31573, 24.44557, 8.5],
			"rotation": {"angle": -22.5, "axis": "z", "origin": [0.80568, 22.20267, 8]},
			"faces": {
				"north": {"uv": [4.742, 3.008, 4.508, 3.492], "texture": "#0"},
				"east": {"uv": [8.492, 2.758, 8.258, 3.242], "texture": "#0"},
				"south": {"uv": [8.492, 2.008, 8.258, 2.492], "texture": "#0"},
				"west": {"uv": [4.742, 8.008, 4.508, 8.492], "texture": "#0"},
				"up": {"uv": [7.008, 5.992, 7.242, 5.758], "texture": "#0"},
				"down": {"uv": [5.258, 7.258, 5.492, 7.492], "texture": "#0"}
			}
		},
		{
			"from": [5, 23, 6.5],
			"to": [6, 26, 9.5],
			"rotation": {"angle": 45, "axis": "x", "origin": [8, 24.5, 8]},
			"faces": {
				"north": {"uv": [1.742, 8.008, 1.508, 8.742], "texture": "#0"},
				"east": {"uv": [3.742, 4.758, 3.008, 5.492], "texture": "#0"},
				"south": {"uv": [2.242, 8.008, 2.008, 8.742], "texture": "#0"},
				"west": {"uv": [5.242, 2.008, 4.508, 2.742], "texture": "#0"},
				"up": {"uv": [2.508, 8.742, 2.742, 8.008], "texture": "#0"},
				"down": {"uv": [3.008, 8.008, 3.242, 8.742], "texture": "#0"}
			}
		},
		{
			"from": [6.5, 15, 6.5],
			"to": [9.5, 16, 9.5],
			"rotation": {"angle": 45, "axis": "y", "origin": [8, 15.5, 8]},
			"faces": {
				"north": {"uv": [3.508, 8.008, 4.242, 8.242], "texture": "#0"},
				"east": {"uv": [8.008, 7.008, 8.742, 7.242], "texture": "#0"},
				"south": {"uv": [8.008, 7.508, 8.742, 7.742], "texture": "#0"},
				"west": {"uv": [8.008, 8.008, 8.742, 8.242], "texture": "#0"},
				"up": {"uv": [4.742, 5.492, 4.008, 4.758], "texture": "#0"},
				"down": {"uv": [5.742, 3.008, 5.008, 3.742], "texture": "#0"}
			}
		},
		{
			"from": [6.5, 8, 6.5],
			"to": [9.5, 9, 9.5],
			"rotation": {"angle": 45, "axis": "y", "origin": [8, 15.5, 8]},
			"faces": {
				"north": {"uv": [8.258, 0.008, 8.992, 0.242], "texture": "#0"},
				"east": {"uv": [8.258, 0.508, 8.992, 0.742], "texture": "#0"},
				"south": {"uv": [8.258, 1.008, 8.992, 1.242], "texture": "#0"},
				"west": {"uv": [8.258, 1.508, 8.992, 1.742], "texture": "#0"},
				"up": {"uv": [5.742, 4.742, 5.008, 4.008], "texture": "#0"},
				"down": {"uv": [5.742, 5.008, 5.008, 5.742], "texture": "#0"}
			}
		}
	],
	"display": {
		"thirdperson": {
			"rotation": [0, -90, 75],
			"translation": [0, 0.7, -3],
			"scale": [1.5, 1.5, 1.5]
		},
		"firstperson": {
			"rotation": [0, 45, 0],
			"translation": [0.5, -2, 0],
			"scale": [1.75, 1.75, 1.75]
		},
		"ground": {
			"translation": [0, 1, 0],
			"scale": [4, 4, 4]
		},
		"gui": {
			"rotation": [20, 5, 45],
			"translation": [0, -2.25, 0],
			"scale": [0.9, 0.9, 0.9]
		},
		"fixed": {
			"translation": [0, -2.5, -0.25],
			"scale": [1.5, 1.5, 1.5]
		}
	}
}