{
	"credit": "This model was made for a paying customer, you are not allowed to use it without a license. By Ligua using Block Bench",
	"texture_size": [64, 64],
	"textures": {
		"0": "item/pickaxes/lava_pickaxe_animated",
		"particle": "item/pickaxes/lava_pickaxe_animated"
	},
	"elements": [
		{
			"from": [6.5, -1.25, 7],
			"to": [9.5, 1.75, 9],
			"rotation": {"angle": 45, "axis": "z", "origin": [8, 0.25, 8]},
			"faces": {
				"north": {"uv": [2, 12.5, 3, 13.5], "rotation": 90, "texture": "#0"},
				"east": {"uv": [1, 13.5, 2, 14], "rotation": 90, "texture": "#0"},
				"south": {"uv": [1, 12.5, 2, 13.5], "rotation": 90, "texture": "#0"},
				"west": {"uv": [2, 13.5, 3, 14], "rotation": 90, "texture": "#0"},
				"up": {"uv": [0, 13.5, 1, 14], "rotation": 180, "texture": "#0"},
				"down": {"uv": [0, 14, 1, 14.5], "texture": "#0"}
			}
		},
		{
			"from": [7, 1, 7],
			"to": [9, 21, 9],
			"rotation": {"angle": 0, "axis": "y", "origin": [8, 2, 7.5]},
			"faces": {
				"north": {"uv": [0, 5.5, 0.75, 12.5], "texture": "#0"},
				"east": {"uv": [2.25, 5.5, 3, 12.5], "texture": "#0"},
				"south": {"uv": [1.5, 5.5, 2.25, 12.5], "texture": "#0"},
				"west": {"uv": [0.75, 5.5, 1.5, 12.5], "texture": "#0"},
				"up": {"uv": [0.75, 13.25, 0, 12.5], "texture": "#0"},
				"down": {"uv": [1.5, 13.25, 0.75, 12.5], "texture": "#0"}
			}
		},
		{
			"from": [6.5, 0.5, 6.5],
			"to": [9.5, 3.5, 9.5],
			"rotation": {"angle": 0, "axis": "y", "origin": [8, -1, 7.5]},
			"faces": {
				"north": {"uv": [3, 11.25, 3.75, 12], "texture": "#0"},
				"east": {"uv": [3, 12, 3.75, 12.75], "texture": "#0"},
				"south": {"uv": [3.75, 11.25, 4.5, 12], "texture": "#0"},
				"west": {"uv": [3.75, 12, 4.5, 12.75], "texture": "#0"},
				"up": {"uv": [3.75, 12.75, 4.5, 13.5], "texture": "#0"},
				"down": {"uv": [3, 12.75, 3.75, 13.5], "texture": "#0"}
			}
		},
		{
			"from": [6.8, 7.8, 6.8],
			"to": [9.2, 16.2, 9.2],
			"rotation": {"angle": 0, "axis": "y", "origin": [8, 6, 7.5]},
			"faces": {
				"north": {"uv": [3.75, 8, 4.5, 10.5], "texture": "#0"},
				"east": {"uv": [3.75, 5.5, 4.5, 8], "texture": "#0"},
				"south": {"uv": [3, 8, 3.75, 10.5], "texture": "#0"},
				"west": {"uv": [3, 5.5, 3.75, 8], "texture": "#0"},
				"up": {"uv": [3.75, 11.25, 3, 10.5], "texture": "#0"},
				"down": {"uv": [4.5, 11.25, 3.75, 10.5], "texture": "#0"}
			}
		},
		{
			"from": [4.5, 20.5, 6.5],
			"to": [10.5, 23.5, 9.5],
			"rotation": {"angle": 0, "axis": "y", "origin": [8, 16, 7.5]},
			"faces": {
				"north": {"uv": [2, 1.75, 4, 2.75], "texture": "#0"},
				"east": {"uv": [3, 2.75, 4, 3.75], "texture": "#0"},
				"south": {"uv": [4, 1.75, 6, 2.75], "texture": "#0"},
				"west": {"uv": [2, 2.75, 3, 3.75], "texture": "#0"},
				"up": {"uv": [4, 2.75, 6, 3.75], "texture": "#0"},
				"down": {"uv": [4, 3.75, 6, 4.75], "texture": "#0"}
			}
		},
		{
			"from": [7.25, 22, 7],
			"to": [11.25, 24, 9],
			"rotation": {"angle": -22.5, "axis": "z", "origin": [7.25, 16, 8.5]},
			"faces": {
				"north": {"uv": [2.75, 3.75, 4, 4.5], "texture": "#0"},
				"east": {"uv": [0.75, 3.75, 1.5, 4.5], "texture": "#0"},
				"south": {"uv": [1.5, 3.75, 2.75, 4.5], "texture": "#0"},
				"up": {"uv": [1.5, 4.5, 2.75, 5.25], "texture": "#0"},
				"down": {"uv": [2.75, 4.5, 4, 5.25], "texture": "#0"}
			}
		},
		{
			"from": [11.25, 20.5, 6.5],
			"to": [13.25, 23.5, 9.5],
			"rotation": {"angle": 0, "axis": "y", "origin": [7.25, 15.5, 8]},
			"faces": {
				"north": {"uv": [8.5, 0, 9.25, 1], "texture": "#0"},
				"east": {"uv": [10, 0, 11, 1], "texture": "#0"},
				"south": {"uv": [9.25, 0, 10, 1], "texture": "#0"},
				"west": {"uv": [10.5, 1, 11.5, 2], "texture": "#0"},
				"up": {"uv": [9, 1, 9.75, 2], "texture": "#0"},
				"down": {"uv": [9.75, 1, 10.5, 2], "texture": "#0"}
			}
		},
		{
			"from": [5.4, 18.65, 6.4],
			"to": [7.6, 21.85, 9.6],
			"rotation": {"angle": 22.5, "axis": "z", "origin": [1.5, 13.75, 8]},
			"faces": {
				"north": {"uv": [8.5, 0, 9.25, 1], "texture": "#0"},
				"east": {"uv": [10, 0, 11, 1], "texture": "#0"},
				"south": {"uv": [9.25, 0, 10, 1], "texture": "#0"},
				"west": {"uv": [10.5, 1, 11.5, 2], "texture": "#0"},
				"up": {"uv": [9, 1, 9.75, 2], "texture": "#0"},
				"down": {"uv": [9.75, 1, 10.5, 2], "texture": "#0"}
			}
		},
		{
			"from": [11.25, 21, 6.5],
			"to": [13.25, 24, 9.5],
			"rotation": {"angle": -22.5, "axis": "z", "origin": [7.25, 16, 8]},
			"faces": {
				"north": {"uv": [8.5, 0, 9.25, 1], "texture": "#0"},
				"east": {"uv": [10, 0, 11, 1], "texture": "#0"},
				"south": {"uv": [9.25, 0, 10, 1], "texture": "#0"},
				"west": {"uv": [10.5, 1, 11.5, 2], "texture": "#0"},
				"up": {"uv": [9, 1, 9.75, 2], "texture": "#0"},
				"down": {"uv": [9.75, 1, 10.5, 2], "texture": "#0"}
			}
		},
		{
			"from": [7, 20.25, 6],
			"to": [9, 24.25, 10],
			"rotation": {"angle": 0, "axis": "y", "origin": [3.5, 15.75, 8]},
			"faces": {
				"north": {"uv": [5.5, 0.25, 6.25, 1.75], "texture": "#0"},
				"east": {"uv": [6, 1.75, 7.5, 3.25], "texture": "#0"},
				"south": {"uv": [6.25, 0.25, 7, 1.75], "texture": "#0"},
				"west": {"uv": [7.5, 1.75, 9, 3.25], "texture": "#0"},
				"up": {"uv": [7.75, 1.75, 7, 0.25], "texture": "#0"},
				"down": {"uv": [8.5, 1.75, 7.75, 0.25], "texture": "#0"}
			}
		},
		{
			"from": [5, 23, 8],
			"to": [11, 27, 8],
			"rotation": {"angle": 0, "axis": "y", "origin": [8, 16, 6.5]},
			"faces": {
				"north": {"uv": [4.5, 6.75, 6.25, 8], "texture": "#0"},
				"south": {"uv": [6.25, 6.75, 4.5, 8], "texture": "#0"}
			}
		},
		{
			"from": [5, 23, 8],
			"to": [11, 27, 8],
			"rotation": {"angle": -45, "axis": "z", "origin": [8, 16, 6.5]},
			"faces": {
				"north": {"uv": [4.5, 6.75, 6.25, 8], "texture": "#0"},
				"south": {"uv": [6.25, 6.75, 4.5, 8], "texture": "#0"}
			}
		},
		{
			"from": [-0.0706, 19.73422, 7.45],
			"to": [7.0294, 22.83422, 8.55],
			"rotation": {"angle": 22.5, "axis": "z", "origin": [3.9794, 14.78422, 7]},
			"faces": {
				"north": {"uv": [0, 0.25, 2.25, 1.25], "texture": "#0"},
				"east": {"uv": [5, 0.25, 5.5, 1.25], "texture": "#0"},
				"south": {"uv": [2.75, 0.25, 5, 1.25], "texture": "#0"},
				"west": {"uv": [2.25, 0.25, 2.75, 1.25], "texture": "#0"},
				"up": {"uv": [2.25, 1.75, 0, 1.25], "texture": "#0"},
				"down": {"uv": [5, 1.75, 2.75, 1.25], "texture": "#0"}
			}
		},
		{
			"from": [-4.0206, 17.78422, 8],
			"to": [6.9794, 24.78422, 8],
			"rotation": {"angle": 22.5, "axis": "z", "origin": [3.9794, 14.78422, 7.5]},
			"faces": {
				"north": {"uv": [7.75, 4.75, 4.5, 6.75], "texture": "#0"},
				"south": {"uv": [4.5, 4.75, 7.75, 6.75], "texture": "#0"}
			}
		},
		{
			"from": [0.4794, 20.53422, 7.5],
			"to": [3.4794, 22.53422, 8.5],
			"rotation": {"angle": 45, "axis": "z", "origin": [3.4794, 14.53422, 7]},
			"faces": {
				"north": {"uv": [0, 1.75, 1, 2.5], "texture": "#0"},
				"south": {"uv": [1, 1.75, 2, 2.5], "texture": "#0"},
				"west": {"uv": [0.75, 3.5, 0, 3], "rotation": 90, "texture": "#0"},
				"up": {"uv": [1, 3, 0, 2.5], "texture": "#0"},
				"down": {"uv": [2, 3, 1, 2.5], "texture": "#0"}
			}
		},
		{
			"from": [3.55689, 20.30968, 7.5],
			"to": [4.55689, 23.30968, 8.5],
			"rotation": {"angle": 0, "axis": "y", "origin": [6.55689, 15.30968, 7]},
			"faces": {
				"north": {"uv": [0.25, 3.75, 0.5, 4.75], "texture": "#0"},
				"east": {"uv": [0.5, 4.75, 0.75, 5.5], "texture": "#0"},
				"south": {"uv": [0.5, 3.75, 0.75, 4.75], "texture": "#0"},
				"west": {"uv": [0.25, 4.75, 0.5, 5.5], "texture": "#0"},
				"up": {"uv": [0.75, 3.75, 0.5, 3.5], "texture": "#0"},
				"down": {"uv": [0.5, 3.5, 0.25, 3.75], "texture": "#0"}
			}
		}
	],
	"display": {
		"thirdperson": {
			"rotation": [180, -90, 90],
			"translation": [0, 0, -2],
			"scale": [0.75, 0.75, 0.75]
		},
		"firstperson": {
			"rotation": [180, 45, 180],
			"translation": [0.5, -3.25, 0],
			"scale": [1.75, 1.75, 1.75]
		},
		"ground": {
			"translation": [0, 1, 0],
			"scale": [2, 2, 2]
		},
		"gui": {
			"rotation": [20, 5, 45],
			"translation": [0, -2.25, 0],
			"scale": [0.9, 0.9, 0.9]
		},
		"fixed": {
			"translation": [0, -2.5, -0.25],
			"scale": [1.5, 1.5, 1.5]
		}
	}
}