{
	"credit": "Made with Blockbench",
	"texture_size": [64, 64],
	"textures": {
		"0": "item/pickaxes/slime_skin",
		"particle": "item/pickaxes/slime_skin"
	},
	"elements": [
		{
			"from": [0, 4, 8],
			"to": [2, 7, 9],
			"rotation": {"angle": 45, "axis": "z", "origin": [8, 12, 15]},
			"faces": {
				"north": {"uv": [7.25, 8.5, 7.75, 9.25], "texture": "#0"},
				"east": {"uv": [2.25, 9.25, 2.5, 10], "texture": "#0"},
				"south": {"uv": [7.75, 8.5, 8.25, 9.25], "texture": "#0"},
				"west": {"uv": [7, 9.5, 7.25, 10.25], "texture": "#0"},
				"up": {"uv": [6.25, 4.75, 5.75, 4.5], "texture": "#0"},
				"down": {"uv": [6.25, 5.5, 5.75, 5.75], "texture": "#0"}
			}
		},
		{
			"from": [2.20825, 5.26012, 7.98],
			"to": [4.20825, 8.26012, 9.01],
			"rotation": {"angle": 22.5, "axis": "z", "origin": [10.20825, 13.26012, 15]},
			"faces": {
				"north": {"uv": [8.25, 8.5, 8.75, 9.25], "texture": "#0"},
				"east": {"uv": [7.25, 9.75, 7.5, 10.5], "texture": "#0"},
				"south": {"uv": [8.5, 0, 9, 0.75], "texture": "#0"},
				"west": {"uv": [7.5, 9.75, 7.75, 10.5], "texture": "#0"},
				"up": {"uv": [8.25, 6.25, 7.75, 6], "texture": "#0"},
				"down": {"uv": [8.75, 6.5, 8.25, 6.75], "texture": "#0"}
			}
		},
		{
			"from": [4.73063, 5.57925, 8],
			"to": [6.73063, 9.77925, 9],
			"rotation": {"angle": 0, "axis": "z", "origin": [12.73063, 13.57925, 15]},
			"faces": {
				"north": {"uv": [1, 7, 1.5, 8], "texture": "#0"},
				"east": {"uv": [4, 5, 4.25, 6], "texture": "#0"},
				"south": {"uv": [3.5, 7, 4, 8], "texture": "#0"},
				"west": {"uv": [5.5, 6.5, 5.75, 7.5], "texture": "#0"},
				"up": {"uv": [10.25, 4.5, 9.75, 4.25], "texture": "#0"},
				"down": {"uv": [10.25, 4.5, 9.75, 4.75], "texture": "#0"}
			}
		},
		{
			"from": [3.73063, 5.57925, 7.5],
			"to": [4.73063, 9.57925, 9.5],
			"rotation": {"angle": 0, "axis": "z", "origin": [10.73063, 13.57925, 15]},
			"faces": {
				"north": {"uv": [6, 7.75, 6.25, 8.75], "texture": "#0"},
				"east": {"uv": [5.5, 7.75, 6, 8.75], "texture": "#0"},
				"south": {"uv": [2.5, 9, 2.75, 10], "texture": "#0"},
				"west": {"uv": [7.75, 3.5, 8.25, 4.5], "texture": "#0"},
				"up": {"uv": [4.25, 6.5, 4, 6], "texture": "#0"},
				"down": {"uv": [10, 4.75, 9.75, 5.25], "texture": "#0"}
			}
		},
		{
			"from": [3.73063, 9.57925, 7.5],
			"to": [7.23063, 10.57925, 9.5],
			"rotation": {"angle": 0, "axis": "z", "origin": [10.73063, 13.57925, 15]},
			"faces": {
				"north": {"uv": [7.75, 9.75, 8.5, 10], "texture": "#0"},
				"east": {"uv": [9.75, 5.25, 10.25, 5.5], "texture": "#0"},
				"south": {"uv": [8.5, 9.75, 9.25, 10], "texture": "#0"},
				"west": {"uv": [9.75, 6, 10.25, 6.25], "texture": "#0"},
				"up": {"uv": [6.25, 9.25, 5.5, 8.75], "texture": "#0"},
				"down": {"uv": [9.5, 8.75, 8.75, 9.25], "texture": "#0"}
			}
		},
		{
			"from": [6.23063, 5.57925, 7.5],
			"to": [7.23063, 9.57925, 9.5],
			"rotation": {"angle": 0, "axis": "z", "origin": [10.73063, 13.57925, 15]},
			"faces": {
				"north": {"uv": [2.75, 9, 3, 10], "texture": "#0"},
				"east": {"uv": [1, 8, 1.5, 9], "texture": "#0"},
				"south": {"uv": [4, 9, 4.25, 10], "texture": "#0"},
				"west": {"uv": [1.5, 8, 2, 9], "texture": "#0"},
				"up": {"uv": [10, 6.75, 9.75, 6.25], "texture": "#0"},
				"down": {"uv": [10, 6.75, 9.75, 7.25], "texture": "#0"}
			}
		},
		{
			"from": [1.30045, 7.92356, 7.75],
			"to": [2.80045, 16.67356, 9.25],
			"rotation": {"angle": -22.5, "axis": "z", "origin": [8.55045, 1.17356, 15]},
			"faces": {
				"north": {"uv": [4.25, 4.25, 4.75, 6.5], "texture": "#0"},
				"east": {"uv": [0, 4.75, 0.5, 7], "texture": "#0"},
				"south": {"uv": [0.5, 4.75, 1, 7], "texture": "#0"},
				"west": {"uv": [1, 4.75, 1.5, 7], "texture": "#0"},
				"up": {"uv": [4.75, 4.25, 4.25, 3.75], "texture": "#0"},
				"down": {"uv": [4.75, 9, 4.25, 9.5], "texture": "#0"}
			}
		},
		{
			"from": [1.66705, 4.95355, 7.5],
			"to": [2.66705, 7.95355, 9.5],
			"rotation": {"angle": 22.5, "axis": "z", "origin": [8.66705, 11.95355, 15]},
			"faces": {
				"north": {"uv": [9.25, 9.75, 9.5, 10.5], "texture": "#0"},
				"east": {"uv": [6.25, 8.75, 6.75, 9.5], "texture": "#0"},
				"south": {"uv": [9.5, 9.75, 9.75, 10.5], "texture": "#0"},
				"west": {"uv": [8.75, 4, 9.25, 4.75], "texture": "#0"},
				"up": {"uv": [10, 7.75, 9.75, 7.25], "texture": "#0"},
				"down": {"uv": [10, 9.25, 9.75, 9.75], "texture": "#0"}
			}
		},
		{
			"from": [4.22414, 5.41654, 7.5],
			"to": [5.22414, 7.66654, 9.5],
			"rotation": {"angle": 22.5, "axis": "z", "origin": [10.47414, 11.66654, 15]},
			"faces": {
				"north": {"uv": [0.5, 10, 0.75, 10.5], "texture": "#0"},
				"east": {"uv": [1, 9.25, 1.5, 9.75], "texture": "#0"},
				"south": {"uv": [0.75, 10, 1, 10.5], "texture": "#0"},
				"west": {"uv": [1.5, 9.25, 2, 9.75], "texture": "#0"},
				"up": {"uv": [1.25, 10.5, 1, 10], "texture": "#0"},
				"down": {"uv": [1.5, 10, 1.25, 10.5], "texture": "#0"}
			}
		},
		{
			"from": [2.21299, 4.4287, 7.5],
			"to": [3.21299, 7.2787, 9.5],
			"rotation": {"angle": 45, "axis": "z", "origin": [9.21299, 11.2787, 15]},
			"faces": {
				"north": {"uv": [9.75, 9.75, 10, 10.5], "texture": "#0"},
				"east": {"uv": [8.75, 4.75, 9.25, 5.5], "texture": "#0"},
				"south": {"uv": [9.75, 1.5, 10, 2.25], "texture": "#0"},
				"west": {"uv": [8.75, 6.5, 9.25, 7.25], "texture": "#0"},
				"up": {"uv": [2.5, 10.5, 2.25, 10], "texture": "#0"},
				"down": {"uv": [2.75, 10, 2.5, 10.5], "texture": "#0"}
			}
		},
		{
			"from": [0, 2.58579, 7.5],
			"to": [1, 6.58579, 9.5],
			"rotation": {"angle": 45, "axis": "z", "origin": [7, 10.58579, 15]},
			"faces": {
				"north": {"uv": [4.75, 9, 5, 10], "texture": "#0"},
				"east": {"uv": [2, 8, 2.5, 9], "texture": "#0"},
				"south": {"uv": [2, 9.25, 2.25, 10.25], "texture": "#0"},
				"west": {"uv": [2.5, 8, 3, 9], "texture": "#0"},
				"up": {"uv": [3, 10.5, 2.75, 10], "texture": "#0"},
				"down": {"uv": [3.25, 10, 3, 10.5], "texture": "#0"}
			}
		},
		{
			"name": "hexadecagon",
			"from": [7.45435, 17.65, 4.5],
			"to": [9.04565, 19.65, 12.5],
			"rotation": {"angle": -45, "axis": "y", "origin": [8.25, 18.65, 8.5]},
			"faces": {
				"north": {"uv": [5.5, 9.25, 6, 9.75], "texture": "#0"},
				"east": {"uv": [5.5, 1, 7.5, 1.5], "texture": "#0"},
				"south": {"uv": [7.25, 9.25, 7.75, 9.75], "texture": "#0"},
				"west": {"uv": [5.5, 2.5, 7.5, 3], "texture": "#0"},
				"up": {"uv": [4, 7, 3.5, 5], "texture": "#0"},
				"down": {"uv": [6.25, 5.75, 5.75, 7.75], "texture": "#0"}
			}
		},
		{
			"name": "hexadecagon",
			"from": [7.45435, 17.65, 4.5],
			"to": [9.04565, 19.65, 12.5],
			"rotation": {"angle": -22.5, "axis": "y", "origin": [8.25, 18.65, 8.5]},
			"faces": {
				"north": {"uv": [7.75, 9.25, 8.25, 9.75], "texture": "#0"},
				"east": {"uv": [5.5, 3, 7.5, 3.5], "texture": "#0"},
				"south": {"uv": [8.25, 9.25, 8.75, 9.75], "texture": "#0"},
				"west": {"uv": [5.75, 3.5, 7.75, 4], "texture": "#0"},
				"up": {"uv": [2, 8, 1.5, 6], "texture": "#0"},
				"down": {"uv": [2.5, 6, 2, 8], "texture": "#0"}
			}
		},
		{
			"name": "hexadecagon",
			"from": [7.45435, 17.65, 4.5],
			"to": [9.04565, 19.65, 12.5],
			"rotation": {"angle": 0, "axis": "x", "origin": [8.25, 18.65, 8.5]},
			"faces": {
				"north": {"uv": [8.75, 9.25, 9.25, 9.75], "texture": "#0"},
				"east": {"uv": [5.75, 4, 7.75, 4.5], "texture": "#0"},
				"south": {"uv": [9.25, 9.25, 9.75, 9.75], "texture": "#0"},
				"west": {"uv": [6.25, 6.25, 8.25, 6.75], "texture": "#0"},
				"up": {"uv": [3, 8, 2.5, 6], "texture": "#0"},
				"down": {"uv": [3.5, 6, 3, 8], "texture": "#0"}
			}
		},
		{
			"name": "hexadecagon",
			"from": [7.45435, 17.65, 4.5],
			"to": [9.04565, 19.65, 12.5],
			"rotation": {"angle": 22.5, "axis": "y", "origin": [8.25, 18.65, 8.5]},
			"faces": {
				"north": {"uv": [9.25, 1.5, 9.75, 2], "texture": "#0"},
				"east": {"uv": [6.25, 1.5, 8.25, 2], "texture": "#0"},
				"south": {"uv": [9.25, 2, 9.75, 2.5], "texture": "#0"},
				"west": {"uv": [6.25, 2, 8.25, 2.5], "texture": "#0"},
				"up": {"uv": [4.5, 8.5, 4, 6.5], "texture": "#0"},
				"down": {"uv": [5, 6.5, 4.5, 8.5], "texture": "#0"}
			}
		},
		{
			"name": "hexadecagon",
			"from": [7.45435, 17.65, 4.5],
			"to": [9.04565, 19.65, 12.5],
			"rotation": {"angle": 45, "axis": "y", "origin": [8.25, 18.65, 8.5]},
			"faces": {
				"north": {"uv": [9.25, 3.5, 9.75, 4], "texture": "#0"},
				"east": {"uv": [6.25, 4.5, 8.25, 5], "texture": "#0"},
				"south": {"uv": [9.25, 4, 9.75, 4.5], "texture": "#0"},
				"west": {"uv": [6.25, 5, 8.25, 5.5], "texture": "#0"},
				"up": {"uv": [5.5, 8.5, 5, 6.5], "texture": "#0"},
				"down": {"uv": [6.75, 6.75, 6.25, 8.75], "texture": "#0"}
			}
		},
		{
			"name": "hexadecagon",
			"from": [4.25, 17.65, 7.70435],
			"to": [12.25, 19.65, 9.29565],
			"rotation": {"angle": -22.5, "axis": "y", "origin": [8.25, 18.65, 8.5]},
			"faces": {
				"north": {"uv": [6.25, 5.5, 8.25, 6], "texture": "#0"},
				"east": {"uv": [9.25, 4.5, 9.75, 5], "texture": "#0"},
				"south": {"uv": [6.5, 0, 8.5, 0.5], "texture": "#0"},
				"west": {"uv": [9.25, 5, 9.75, 5.5], "texture": "#0"},
				"up": {"uv": [8.5, 1, 6.5, 0.5], "texture": "#0"},
				"down": {"uv": [8.75, 6.75, 6.75, 7.25], "texture": "#0"}
			}
		},
		{
			"name": "hexadecagon",
			"from": [3.5, 17.65, 7.70435],
			"to": [15, 19.65, 9.29565],
			"rotation": {"angle": 0, "axis": "x", "origin": [8.25, 18.65, 8.5]},
			"faces": {
				"north": {"uv": [2.5, 2.5, 5.5, 3], "texture": "#0"},
				"east": {"uv": [9.25, 6, 9.75, 6.5], "texture": "#0"},
				"south": {"uv": [2.5, 0, 5.5, 0.5], "texture": "#0"},
				"west": {"uv": [9.25, 6.5, 9.75, 7], "texture": "#0"},
				"up": {"uv": [5.5, 1, 2.5, 0.5], "texture": "#0"},
				"down": {"uv": [5.5, 1, 2.5, 1.5], "texture": "#0"}
			}
		},
		{
			"name": "hexadecagon",
			"from": [11.90165, 22.71586, 7.70435],
			"to": [15.40165, 25.21586, 9.29565],
			"rotation": {"angle": 45, "axis": "z", "origin": [17.65165, 23.71586, 8.5]},
			"faces": {
				"north": {"uv": [0, 7, 1, 7.75], "texture": "#0"},
				"east": {"uv": [8.75, 7.25, 9.25, 8], "texture": "#0"},
				"south": {"uv": [0, 7.75, 1, 8.5], "texture": "#0"},
				"west": {"uv": [8.75, 8, 9.25, 8.75], "texture": "#0"},
				"up": {"uv": [4, 8.5, 3, 8], "texture": "#0"},
				"down": {"uv": [9.25, 1.5, 8.25, 2], "texture": "#0"}
			}
		},
		{
			"name": "hexadecagon",
			"from": [4.09565, 21.64863, 6.5],
			"to": [6.09565, 23.39863, 10.5],
			"rotation": {"angle": 22.5, "axis": "z", "origin": [13.09565, 19.39863, 7.29565]},
			"faces": {
				"north": {"uv": [9.25, 7, 9.75, 7.5], "texture": "#0"},
				"east": {"uv": [8.25, 2, 9.25, 2.5], "texture": "#0"},
				"south": {"uv": [9.25, 7.5, 9.75, 8], "texture": "#0"},
				"west": {"uv": [8.25, 3.5, 9.25, 4], "texture": "#0"},
				"up": {"uv": [8.75, 5, 8.25, 4], "texture": "#0"},
				"down": {"uv": [8.75, 5, 8.25, 6], "texture": "#0"}
			}
		},
		{
			"name": "hexadecagon",
			"from": [9.25, 19.65, 6],
			"to": [14.25, 24.65, 11],
			"rotation": {"angle": 0, "axis": "x", "origin": [8.25, 18.65, 8.5]},
			"faces": {
				"north": {"uv": [0, 0, 1.25, 1.25], "texture": "#0"},
				"east": {"uv": [0, 1.25, 1.25, 2.5], "texture": "#0"},
				"south": {"uv": [1.25, 1.25, 2.5, 2.5], "texture": "#0"},
				"west": {"uv": [1.25, 0, 2.5, 1.25], "texture": "#0"},
				"up": {"uv": [1.25, 3.75, 0, 2.5], "texture": "#0"},
				"down": {"uv": [2.5, 2.5, 1.25, 3.75], "texture": "#0"}
			}
		},
		{
			"name": "hexadecagon",
			"from": [3.25, 19.65, 6.5],
			"to": [7.25, 23.65, 10.5],
			"rotation": {"angle": 0, "axis": "x", "origin": [8.25, 18.65, 8.5]},
			"faces": {
				"north": {"uv": [4.75, 3.75, 5.75, 4.75], "texture": "#0"},
				"east": {"uv": [1.5, 5, 2.5, 6], "texture": "#0"},
				"south": {"uv": [2.5, 5, 3.5, 6], "texture": "#0"},
				"west": {"uv": [5.25, 1.5, 6.25, 2.5], "texture": "#0"},
				"up": {"uv": [5.75, 6.5, 4.75, 5.5], "texture": "#0"},
				"down": {"uv": [6.5, 0, 5.5, 1], "texture": "#0"}
			}
		},
		{
			"name": "hexadecagon",
			"from": [7.25, 19.65, 6.5],
			"to": [9.25, 20.9, 10.5],
			"rotation": {"angle": 0, "axis": "x", "origin": [8.25, 18.65, 8.5]},
			"faces": {
				"north": {"uv": [9.75, 7.75, 10.25, 8], "texture": "#0"},
				"east": {"uv": [1.5, 3.75, 2.5, 4], "texture": "#0"},
				"south": {"uv": [3.25, 10, 3.75, 10.25], "texture": "#0"},
				"west": {"uv": [9.25, 8, 10.25, 8.25], "texture": "#0"},
				"up": {"uv": [0.5, 9.5, 0, 8.5], "texture": "#0"},
				"down": {"uv": [1, 8.5, 0.5, 9.5], "texture": "#0"}
			}
		},
		{
			"name": "hexadecagon",
			"from": [-1.21719, 24.94402, 6.5],
			"to": [4.78281, 25.94402, 10.5],
			"rotation": {"angle": 22.5, "axis": "z", "origin": [9.78281, 20.94402, 8.5]},
			"faces": {
				"north": {"uv": [6.25, 6, 7.75, 6.25], "texture": "#0"},
				"east": {"uv": [9.25, 8.25, 10.25, 8.5], "texture": "#0"},
				"south": {"uv": [8.5, 0.75, 10, 1], "texture": "#0"},
				"west": {"uv": [9.25, 8.5, 10.25, 8.75], "texture": "#0"},
				"up": {"uv": [4, 2.5, 2.5, 1.5], "texture": "#0"},
				"down": {"uv": [4, 3, 2.5, 4], "texture": "#0"}
			}
		},
		{
			"name": "hexadecagon",
			"from": [-2.22221, 25.3539, 6.5],
			"to": [-0.22221, 26.3539, 10.5],
			"rotation": {"angle": 45, "axis": "z", "origin": [4.77779, 21.3539, 8.5]},
			"faces": {
				"north": {"uv": [6.25, 6, 7.75, 6.25], "texture": "#0"},
				"east": {"uv": [9.25, 8.25, 10.25, 8.5], "texture": "#0"},
				"south": {"uv": [8.5, 0.75, 10, 1], "texture": "#0"},
				"west": {"uv": [9.25, 8.5, 10.25, 8.75], "texture": "#0"},
				"up": {"uv": [4, 2.5, 2.5, 1.5], "texture": "#0"},
				"down": {"uv": [4, 3, 2.5, 4], "texture": "#0"}
			}
		},
		{
			"name": "hexadecagon",
			"from": [-1.71719, 22.94402, 6.5],
			"to": [4.78281, 23.94402, 10.5],
			"rotation": {"angle": 22.5, "axis": "z", "origin": [9.78281, 20.94402, 8.5]},
			"faces": {
				"north": {"uv": [8.75, 5.5, 10.25, 5.75], "texture": "#0"},
				"east": {"uv": [0, 9.5, 1, 9.75], "texture": "#0"},
				"south": {"uv": [8.75, 5.75, 10.25, 6], "texture": "#0"},
				"west": {"uv": [3, 9.5, 4, 9.75], "texture": "#0"},
				"up": {"uv": [1.5, 4.75, 0, 3.75], "texture": "#0"},
				"down": {"uv": [3, 4, 1.5, 5], "texture": "#0"}
			}
		},
		{
			"name": "hexadecagon",
			"from": [-2.21719, 23.94402, 7],
			"to": [4.78281, 24.94402, 10],
			"rotation": {"angle": 22.5, "axis": "z", "origin": [9.78281, 20.94402, 8.5]},
			"faces": {
				"north": {"uv": [1, 9, 2.5, 9.25], "texture": "#0"},
				"east": {"uv": [9.75, 2.25, 10.5, 2.5], "texture": "#0"},
				"south": {"uv": [9, 0, 10.5, 0.25], "texture": "#0"},
				"west": {"uv": [9.75, 3.5, 10.5, 3.75], "texture": "#0"},
				"up": {"uv": [5.5, 3.75, 4, 3], "texture": "#0"},
				"down": {"uv": [6.25, 4.75, 4.75, 5.5], "texture": "#0"}
			}
		},
		{
			"name": "hexadecagon",
			"from": [-2.21719, 23.94402, 6.5],
			"to": [-0.96719, 24.94402, 10.5],
			"rotation": {"angle": 22.5, "axis": "z", "origin": [9.78281, 20.94402, 8.5]},
			"faces": {
				"north": {"uv": [3.75, 10, 4.25, 10.25], "texture": "#0"},
				"east": {"uv": [6, 9.5, 7, 9.75], "texture": "#0"},
				"south": {"uv": [4.25, 10, 4.75, 10.25], "texture": "#0"},
				"west": {"uv": [9.5, 1, 10.5, 1.25], "texture": "#0"},
				"up": {"uv": [3.5, 9.5, 3, 8.5], "texture": "#0"},
				"down": {"uv": [4, 8.5, 3.5, 9.5], "texture": "#0"}
			}
		},
		{
			"name": "hexadecagon",
			"from": [-3.7075, 18.39, 6.5],
			"to": [-1.6085, 19.94, 10.5],
			"rotation": {"angle": 0, "axis": "z", "origin": [5.3925, 24.93898, 8.5]},
			"faces": {
				"north": {"uv": [4.25, 9.5, 4.75, 10], "texture": "#0"},
				"east": {"uv": [8.25, 6, 9.25, 6.5], "texture": "#0"},
				"south": {"uv": [5, 9.5, 5.5, 10], "texture": "#0"},
				"west": {"uv": [4, 8.5, 5, 9], "texture": "#0"},
				"up": {"uv": [5.5, 9.5, 5, 8.5], "texture": "#0"},
				"down": {"uv": [7.25, 8.5, 6.75, 9.5], "texture": "#0"}
			}
		},
		{
			"name": "hexadecagon",
			"from": [7.25, 21.4, 7.25],
			"to": [9.25, 21.9, 9.75],
			"rotation": {"angle": 0, "axis": "x", "origin": [8.25, 18.65, 8.5]},
			"faces": {
				"north": {"uv": [4.75, 10, 5.25, 10.25], "texture": "#0"},
				"east": {"uv": [5.25, 10, 5.75, 10.25], "texture": "#0"},
				"south": {"uv": [5.75, 10, 6.25, 10.25], "texture": "#0"},
				"west": {"uv": [7.75, 10, 8.25, 10.25], "texture": "#0"},
				"up": {"uv": [10, 3, 9.5, 2.5], "texture": "#0"},
				"down": {"uv": [10, 3, 9.5, 3.5], "texture": "#0"}
			}
		},
		{
			"name": "hexadecagon",
			"from": [7.25, 21.65, 7.75],
			"to": [9.25, 22.9, 9.25],
			"rotation": {"angle": 0, "axis": "x", "origin": [8.25, 18.65, 8.5]},
			"faces": {
				"north": {"uv": [8.25, 10, 8.75, 10.25], "texture": "#0"},
				"east": {"uv": [4, 3.75, 4.25, 4], "texture": "#0"},
				"south": {"uv": [8.75, 10, 9.25, 10.25], "texture": "#0"},
				"west": {"uv": [5.5, 3.5, 5.75, 3.75], "texture": "#0"},
				"up": {"uv": [10.5, 10.25, 10, 10], "texture": "#0"},
				"down": {"uv": [10.5, 0.75, 10, 1], "texture": "#0"}
			}
		},
		{
			"name": "hexadecagon",
			"from": [7.25, 22.9, 7.25],
			"to": [9.25, 23.4, 9.75],
			"rotation": {"angle": 0, "axis": "x", "origin": [8.25, 18.65, 8.5]},
			"faces": {
				"north": {"uv": [10, 1.5, 10.5, 1.75], "texture": "#0"},
				"east": {"uv": [10, 1.75, 10.5, 2], "texture": "#0"},
				"south": {"uv": [10, 2, 10.5, 2.25], "texture": "#0"},
				"west": {"uv": [10, 2.5, 10.5, 2.75], "texture": "#0"},
				"up": {"uv": [10, 9.25, 9.5, 8.75], "texture": "#0"},
				"down": {"uv": [0.5, 9.75, 0, 10.25], "texture": "#0"}
			}
		},
		{
			"name": "hexadecagon",
			"from": [10, 24.65, 6.75],
			"to": [13.5, 25.65, 10.25],
			"rotation": {"angle": 0, "axis": "x", "origin": [8.25, 18.65, 8.5]},
			"faces": {
				"north": {"uv": [9.5, 1.25, 10.5, 1.5], "texture": "#0"},
				"east": {"uv": [9.75, 3.75, 10.5, 4], "texture": "#0"},
				"south": {"uv": [0.5, 9.75, 1.5, 10], "texture": "#0"},
				"west": {"uv": [9.75, 4, 10.5, 4.25], "texture": "#0"},
				"up": {"uv": [7.75, 8.5, 6.75, 7.75], "texture": "#0"},
				"down": {"uv": [8.75, 7.75, 7.75, 8.5], "texture": "#0"}
			}
		},
		{
			"name": "hexadecagon",
			"from": [9.5, 25.65, 6.25],
			"to": [14, 26.65, 10.75],
			"rotation": {"angle": 0, "axis": "x", "origin": [8.25, 18.4, 8.5]},
			"faces": {
				"north": {"uv": [9, 0.25, 10.25, 0.5], "texture": "#0"},
				"east": {"uv": [3, 9.75, 4, 10], "texture": "#0"},
				"south": {"uv": [9, 0.5, 10.25, 0.75], "texture": "#0"},
				"west": {"uv": [5.5, 9.75, 6.5, 10], "texture": "#0"},
				"up": {"uv": [4.25, 5, 3, 4], "texture": "#0"},
				"down": {"uv": [5.25, 1.5, 4, 2.5], "texture": "#0"}
			}
		},
		{
			"name": "hexadecagon",
			"from": [4.25, 17.65, 7.70435],
			"to": [12.25, 19.65, 9.29565],
			"rotation": {"angle": 22.5, "axis": "y", "origin": [8.25, 18.65, 8.5]},
			"faces": {
				"north": {"uv": [6.75, 7.25, 8.75, 7.75], "texture": "#0"},
				"east": {"uv": [1.5, 9.75, 2, 10.25], "texture": "#0"},
				"south": {"uv": [7.5, 1, 9.5, 1.5], "texture": "#0"},
				"west": {"uv": [6.5, 9.75, 7, 10.25], "texture": "#0"},
				"up": {"uv": [9.5, 3, 7.5, 2.5], "texture": "#0"},
				"down": {"uv": [9.5, 3, 7.5, 3.5], "texture": "#0"}
			}
		}
	],
	"display":{
		"thirdperson": {
			"rotation": [180, -90, 90],
			"translation": [0, -1.2, -2],
			"scale": [0.75, 0.75, 0.75]
		},
		"firstperson": {
			"rotation": [180, 45, 180],
			"translation": [0.5, -3.25, 0],
			"scale": [1.75, 1.75, 1.75]
		},
		"ground": {
			"translation": [0, 1, 0],
			"scale": [2, 2, 2]
		},
		"gui": {
			"rotation": [20, 5, 45],
			"translation": [0, -2.25, 0],
			"scale": [0.9, 0.9, 0.9]
		},
		"fixed": {
			"translation": [0, -2.5, -0.25],
			"scale": [1.5, 1.5, 1.5]
		}
	},
	"groups": [
		{
			"name": "Hyper Space",
			"origin": [8, 8, 8],
			"children": [
				{
					"name": "Handle",
					"origin": [8, 8, 8],
					"children": [0, 1, 2]
				},
				{
					"name": "Grip",
					"origin": [8, 8, 8],
					"children": [3, 4, 5, 6, 7, 8, 9, 10]
				},
				{
					"name": "Pick",
					"origin": [8, 8, 8],
					"children": [
						{
							"name": "hexadecagon",
							"origin": [8, 8, 8],
							"children": [11, 12, 13, 14, 15, 16, 17, 18, 19, 20, 21, 22, 23, 24, 25, 26, 27, 28, 29, 30, 31, 32, 33, 34]
						}
					]
				}
			]
		}
	]
}