{"credit":"Madebykron","texture_size":[128,128],"textures":{"0":"item/blocks/rare_crate/valentinechest","1":"item/blocks/rare_crate/love_animation","particle":"item/blocks/rare_crate/valentinechest"},"elements":[{"from":[0,2,3],"to":[16,6,14],"rotation":{"angle":0,"axis":"y","origin":[16,-11,-6]},"faces":{"north":{"uv":[4.5,3.375,6.5,3.875],"texture":"#0"},"east":{"uv":[2,5.625,3.375,6.125],"texture":"#0"},"south":{"uv":[4.5,3.375,6.5,3.875],"texture":"#0"},"west":{"uv":[2,5.625,3.375,6.125],"texture":"#0"}}},{"from":[-1,0,2],"to":[17,2,15],"rotation":{"angle":0,"axis":"y","origin":[8,5,14]},"faces":{"north":{"uv":[5.875,2.875,8.125,3.125],"texture":"#0"},"east":{"uv":[6.25,0,7.875,0.25],"texture":"#0"},"south":{"uv":[5.875,2.875,8.125,3.125],"texture":"#0"},"west":{"uv":[6.25,0,7.875,0.25],"texture":"#0"},"up":{"uv":[4.5,1.625,2.25,0],"texture":"#0"},"down":{"uv":[4.5,1.625,2.25,3.25],"texture":"#0"}}},{"from":[-0.5,6,2.5],"to":[16.5,8,14.5],"rotation":{"angle":0,"axis":"y","origin":[8,6,14]},"faces":{"north":{"uv":[4.75,5.625,7,5.875],"texture":"#0"},"east":{"uv":[3.75,6.125,5.375,6.375],"texture":"#0"},"south":{"uv":[4.75,5.625,7,5.875],"texture":"#0"},"west":{"uv":[3.75,6.125,5.375,6.375],"texture":"#0"},"up":{"uv":[2.25,1.625,0,0],"texture":"#0"},"down":{"uv":[2.25,1.625,0,3.25],"texture":"#0"}}},{"from":[6.5,2,2.5],"to":[9.5,6,2.5],"rotation":{"angle":22.5,"axis":"x","origin":[8,6,2.5]},"faces":{"north":{"uv":[7,5.5,7.375,6],"texture":"#0"},"south":{"uv":[7.375,5.5,7,6],"texture":"#0"}}},{"from":[-1,11,2],"to":[17,13,15],"rotation":{"angle":0,"axis":"y","origin":[8,6,14]},"faces":{"north":{"uv":[4.75,5.875,7,6.125],"texture":"#0"},"east":{"uv":[6.25,0.75,7.875,1],"texture":"#0"},"south":{"uv":[4.75,5.875,7,6.125],"texture":"#0"},"west":{"uv":[6.25,0.75,7.875,1],"texture":"#0"},"up":{"uv":[2.25,4.875,0,3.25],"texture":"#0"},"down":{"uv":[4.5,3.25,2.25,4.875],"texture":"#0"}}},{"from":[0,8,3],"to":[16,11,14],"rotation":{"angle":0,"axis":"y","origin":[8,6,14]},"faces":{"north":{"uv":[2,5.25,4,5.625],"texture":"#0"},"east":{"uv":[0,5.75,1.375,6.125],"texture":"#0"},"south":{"uv":[2,5.25,4,5.625],"texture":"#0"},"west":{"uv":[0,5.75,1.375,6.125],"texture":"#0"}}},{"from":[0,12,5],"to":[16,15,12],"rotation":{"angle":0,"axis":"y","origin":[8,6,14]},"faces":{"north":{"uv":[2,4.875,4,5.25],"texture":"#0"},"east":{"uv":[3.75,6.375,4.625,6.75],"texture":"#0"},"south":{"uv":[4,4.875,6,5.25],"texture":"#0"},"west":{"uv":[3.75,6.375,4.625,6.75],"texture":"#0"},"up":{"uv":[6.5,2.125,4.5,1.25],"texture":"#0"}}},{"from":[8,12,5],"to":[16,16,12],"rotation":{"angle":45,"axis":"z","origin":[9,12,5]},"faces":{"north":{"uv":[0,6.125,1,6.625],"texture":"#0"},"east":{"uv":[2,6.125,2.875,6.625],"texture":"#0"},"south":{"uv":[1,6.125,0,6.625],"texture":"#0"},"west":{"uv":[2.875,6.125,3.75,6.625],"texture":"#0"},"up":{"uv":[1,5.75,0,4.875],"texture":"#0"},"down":{"uv":[2,4.875,1,5.75],"texture":"#0"}}},{"from":[6,4,5],"to":[14,8,12],"rotation":{"angle":45,"axis":"z","origin":[9,12,5]},"faces":{"north":{"uv":[0,6.125,1,6.625],"texture":"#0"},"east":{"uv":[2,6.125,2.875,6.625],"texture":"#0"},"south":{"uv":[1,6.125,0,6.625],"texture":"#0"},"west":{"uv":[2.875,6.125,3.75,6.625],"texture":"#0"},"up":{"uv":[1,5.75,0,4.875],"texture":"#0"},"down":{"uv":[2,4.875,1,5.75],"texture":"#0"}}},{"from":[-0.05,11.9,5],"to":[7.95,15.9,12],"rotation":{"angle":-45,"axis":"z","origin":[7,12,5]},"faces":{"north":{"uv":[1,7.125,0,7.625],"texture":"#0"},"east":{"uv":[3.75,6.125,2.875,6.625],"texture":"#0"},"south":{"uv":[0,7.125,1,7.625],"texture":"#0"},"west":{"uv":[2.875,6.125,2,6.625],"texture":"#0"},"up":{"uv":[0,5.75,1,4.875],"texture":"#0"},"down":{"uv":[1,4.875,2,5.75],"texture":"#0"}}},{"from":[1.95,3.9,5],"to":[9.95,7.9,12],"rotation":{"angle":-45,"axis":"z","origin":[7,12,5]},"faces":{"north":{"uv":[1,7.125,0,7.625],"texture":"#0"},"east":{"uv":[3.75,6.125,2.875,6.625],"texture":"#0"},"south":{"uv":[0,7.125,1,7.625],"texture":"#0"},"west":{"uv":[2.875,6.125,2,6.625],"texture":"#0"},"up":{"uv":[0,5.75,1,4.875],"texture":"#0"},"down":{"uv":[1,4.875,2,5.75],"texture":"#0"}}},{"from":[0,11,5],"to":[16,15,8],"rotation":{"angle":45,"axis":"x","origin":[8,15,5]},"faces":{"north":{"uv":[4.5,4.375,6.5,4.875],"texture":"#0"},"east":{"uv":[6.5,1,6.875,1.5],"texture":"#0"},"west":{"uv":[6.875,1,6.5,1.5],"texture":"#0"}}},{"from":[0,12,12],"to":[16,15,16],"rotation":{"angle":45,"axis":"x","origin":[8,15,12]},"faces":{"east":{"uv":[6.875,1,6.5,1.5],"rotation":90,"texture":"#0"},"west":{"uv":[6.875,1.5,6.5,1],"rotation":90,"texture":"#0"},"up":{"uv":[6.5,4.375,4.5,4.875],"texture":"#0"}}},{"from":[8,5.25,1],"to":[10,9.25,3],"rotation":{"angle":45,"axis":"z","origin":[8,5.25,2]},"faces":{"north":{"uv":[6.5,4.375,6.75,4.875],"texture":"#0"},"east":{"uv":[6.5,6.375,6.75,6.875],"texture":"#0"},"south":{"uv":[0,6.625,0.25,7.125],"texture":"#0"},"west":{"uv":[0.25,6.625,0.5,7.125],"texture":"#0"},"up":{"uv":[6.5,1.25,6.25,1],"texture":"#0"}}},{"from":[6,5.25,1],"to":[8,9.25,3],"rotation":{"angle":-45,"axis":"z","origin":[8,5.25,2]},"faces":{"north":{"uv":[2,6.625,2.25,7.125],"texture":"#0"},"east":{"uv":[2.25,6.625,2.5,7.125],"texture":"#0"},"south":{"uv":[2.5,6.625,2.75,7.125],"texture":"#0"},"west":{"uv":[2.75,6.625,3,7.125],"texture":"#0"},"up":{"uv":[7.125,2,6.875,1.75],"texture":"#0"}}},{"from":[8.5,4.5,15.25],"to":[21.5,14.5,15.25],"rotation":{"angle":-22.5,"axis":"y","origin":[8.5,7.5,15.25]},"faces":{"north":{"uv":[6.25,0,4.5,1.25],"texture":"#0"},"south":{"uv":[4.625,0,6.25,1.25],"texture":"#0"}}},{"from":[-5.5,4.5,15.25],"to":[7.5,14.5,15.25],"rotation":{"angle":22.5,"axis":"y","origin":[7.5,7.5,15.25]},"faces":{"north":{"uv":[4.5,0,6.25,1.25],"texture":"#0"},"south":{"uv":[6.25,0,4.625,1.25],"texture":"#0"}}},{"from":[-8,7,6.25],"to":[24,7,10.25],"rotation":{"angle":22.5,"axis":"z","origin":[8,8,7.25]},"faces":{"up":{"uv":[8.5,2.125,4.5,2.625],"texture":"#0"},"down":{"uv":[4.5,2.125,8.5,2.625],"rotation":180,"texture":"#0"}}},{"from":[-8,5,8.25],"to":[24,9,8.25],"rotation":{"angle":22.5,"axis":"z","origin":[8,8,7.25]},"faces":{"north":{"uv":[4.5,2.125,8.5,2.625],"texture":"#0"},"south":{"uv":[8.5,2.125,4.5,2.625],"texture":"#0"}}},{"from":[-11,-3,7.25],"to":[5,13,7.25],"rotation":{"angle":22.5,"axis":"y","origin":[-6,5,5.25]},"faces":{"north":{"uv":[0,0,16,16],"texture":"#1"},"south":{"uv":[16,0,0,16],"texture":"#1"}}},{"from":[9,12,7.25],"to":[25,28,7.25],"rotation":{"angle":-22.5,"axis":"y","origin":[16,17,12.25]},"faces":{"north":{"uv":[0,0,16,16],"texture":"#1"},"south":{"uv":[16,0,0,16],"texture":"#1"}}},{"from":[1,-1,21.25],"to":[17,15,21.25],"rotation":{"angle":0,"axis":"y","origin":[16,17,12.25]},"faces":{"north":{"uv":[0,0,16,16],"texture":"#1"},"south":{"uv":[16,0,0,16],"texture":"#1"}}},{"from":[6,-5,5.25],"to":[22,11,5.25],"rotation":{"angle":-22.5,"axis":"y","origin":[14,2,8.25]},"faces":{"north":{"uv":[16,0,0,16],"texture":"#1"},"south":{"uv":[0,0,16,16],"texture":"#1"}}},{"from":[-13,10,8.25],"to":[3,26,8.25],"rotation":{"angle":22.5,"axis":"y","origin":[-5,18,8.25]},"faces":{"north":{"uv":[16,0,0,16],"texture":"#1"},"south":{"uv":[0,0,16,16],"texture":"#1"}}},{"from":[6,5,14],"to":[10,9,16],"faces":{"north":{"uv":[5.5,6.375,6,6.875],"texture":"#0"},"east":{"uv":[1,6.625,1.25,7.125],"texture":"#0"},"south":{"uv":[6,6.375,6.5,6.875],"texture":"#0"},"west":{"uv":[1.25,6.625,1.5,7.125],"texture":"#0"},"up":{"uv":[1.875,6,1.375,5.75],"texture":"#0"},"down":{"uv":[2,6.625,1.5,6.875],"texture":"#0"}}},{"from":[12,7,1],"to":[14,9,3],"faces":{"north":{"uv":[4.5,6.75,4.75,7],"texture":"#0"},"east":{"uv":[6.75,4.625,7,4.875],"texture":"#0"},"south":{"uv":[4.75,6.75,5,7],"texture":"#0"},"west":{"uv":[7,4.625,6.75,4.875],"texture":"#0"},"up":{"uv":[5.5,7,5.25,6.75],"texture":"#0"},"down":{"uv":[7,6.375,6.75,6.625],"texture":"#0"}}},{"from":[12,9,2],"to":[14,10,3],"faces":{"north":{"uv":[1.375,6,1.625,6.125],"texture":"#0"},"east":{"uv":[1.875,6,2,6.125],"texture":"#0"},"south":{"uv":[1.625,6,1.875,6.125],"texture":"#0"},"west":{"uv":[2,6,1.875,6.125],"texture":"#0"},"up":{"uv":[6.25,5.625,6,5.5],"texture":"#0"},"down":{"uv":[6.5,5.5,6.25,5.625],"texture":"#0"}}},{"from":[12,10,1],"to":[14,14,4],"faces":{"north":{"uv":[0.5,6.625,0.75,7.125],"texture":"#0"},"east":{"uv":[6.5,3.375,6.875,3.875],"texture":"#0"},"south":{"uv":[0.75,6.625,1,7.125],"texture":"#0"},"west":{"uv":[6.875,3.375,6.5,3.875],"texture":"#0"},"up":{"uv":[3.25,7,3,6.625],"texture":"#0"},"down":{"uv":[3.5,6.625,3.25,7],"texture":"#0"}}},{"from":[12,0,1],"to":[14,3,3],"faces":{"north":{"uv":[3.5,6.625,3.75,7],"texture":"#0"},"east":{"uv":[3.75,6.75,4,7.125],"texture":"#0"},"south":{"uv":[4,6.75,4.25,7.125],"texture":"#0"},"west":{"uv":[4,6.75,3.75,7.125],"texture":"#0"},"up":{"uv":[7,6.875,6.75,6.625],"texture":"#0"},"down":{"uv":[7.125,1,6.875,1.25],"texture":"#0"}}},{"from":[12,5,1],"to":[14,6,3],"faces":{"north":{"uv":[6.5,2,6.75,2.125],"texture":"#0"},"east":{"uv":[6.5,5.5,6.75,5.625],"texture":"#0"},"south":{"uv":[6.75,2,7,2.125],"texture":"#0"},"west":{"uv":[6.75,5.5,6.5,5.625],"texture":"#0"},"up":{"uv":[7.125,1.5,6.875,1.25],"texture":"#0"},"down":{"uv":[1.75,6.875,1.5,7.125],"texture":"#0"}}},{"from":[12,3,2],"to":[14,5,3],"faces":{"north":{"uv":[6.875,1.5,7.125,1.75],"texture":"#0"},"east":{"uv":[1.875,5.75,2,6],"texture":"#0"},"south":{"uv":[1.75,6.875,2,7.125],"texture":"#0"},"west":{"uv":[2,5.75,1.875,6],"texture":"#0"},"up":{"uv":[7.125,4,6.875,3.875],"texture":"#0"},"down":{"uv":[7.125,4,6.875,4.125],"texture":"#0"}}},{"from":[2,7,1],"to":[4,9,3],"faces":{"north":{"uv":[4.5,6.75,4.75,7],"texture":"#0"},"east":{"uv":[6.75,4.625,7,4.875],"texture":"#0"},"south":{"uv":[4.75,6.75,5,7],"texture":"#0"},"west":{"uv":[7,4.625,6.75,4.875],"texture":"#0"},"up":{"uv":[5.5,7,5.25,6.75],"texture":"#0"},"down":{"uv":[7,6.375,6.75,6.625],"texture":"#0"}}},{"from":[2,9,2],"to":[4,10,3],"faces":{"north":{"uv":[1.375,6,1.625,6.125],"texture":"#0"},"east":{"uv":[1.875,6,2,6.125],"texture":"#0"},"south":{"uv":[1.625,6,1.875,6.125],"texture":"#0"},"west":{"uv":[2,6,1.875,6.125],"texture":"#0"},"up":{"uv":[6.25,5.625,6,5.5],"texture":"#0"},"down":{"uv":[6.5,5.5,6.25,5.625],"texture":"#0"}}},{"from":[2,10,1],"to":[4,14,4],"faces":{"north":{"uv":[0.5,6.625,0.75,7.125],"texture":"#0"},"east":{"uv":[6.5,3.375,6.875,3.875],"texture":"#0"},"south":{"uv":[0.75,6.625,1,7.125],"texture":"#0"},"west":{"uv":[6.875,3.375,6.5,3.875],"texture":"#0"},"up":{"uv":[3.25,7,3,6.625],"texture":"#0"},"down":{"uv":[3.5,6.625,3.25,7],"texture":"#0"}}},{"from":[2,0,1],"to":[4,3,3],"faces":{"north":{"uv":[3.5,6.625,3.75,7],"texture":"#0"},"east":{"uv":[3.75,6.75,4,7.125],"texture":"#0"},"south":{"uv":[4,6.75,4.25,7.125],"texture":"#0"},"west":{"uv":[4,6.75,3.75,7.125],"texture":"#0"},"up":{"uv":[7,6.875,6.75,6.625],"texture":"#0"},"down":{"uv":[7.125,1,6.875,1.25],"texture":"#0"}}},{"from":[2,5,1],"to":[4,6,3],"faces":{"north":{"uv":[6.5,2,6.75,2.125],"texture":"#0"},"east":{"uv":[6.5,5.5,6.75,5.625],"texture":"#0"},"south":{"uv":[6.75,2,7,2.125],"texture":"#0"},"west":{"uv":[6.75,5.5,6.5,5.625],"texture":"#0"},"up":{"uv":[7.125,1.5,6.875,1.25],"texture":"#0"},"down":{"uv":[1.75,6.875,1.5,7.125],"texture":"#0"}}},{"from":[2,3,2],"to":[4,5,3],"faces":{"north":{"uv":[6.875,1.5,7.125,1.75],"texture":"#0"},"east":{"uv":[1.875,5.75,2,6],"texture":"#0"},"south":{"uv":[1.75,6.875,2,7.125],"texture":"#0"},"west":{"uv":[2,5.75,1.875,6],"texture":"#0"},"up":{"uv":[7.125,4,6.875,3.875],"texture":"#0"},"down":{"uv":[7.125,4,6.875,4.125],"texture":"#0"}}}],"gui_light":"front","display":{"thirdperson_righthand":{"rotation":[62,0,0],"translation":[0,0,1.75],"scale":[0.38,0.38,0.38]},"thirdperson_lefthand":{"rotation":[62,0,0],"translation":[0,0,1.75],"scale":[0.38,0.38,0.38]},"firstperson_righthand":{"rotation":[5,1,3],"translation":[-1.5,4,2.25],"scale":[0.34,0.34,0.34]},"firstperson_lefthand":{"rotation":[5,1,3],"translation":[-1.5,4,2.25],"scale":[0.34,0.34,0.34]},"ground":{"scale":[0.5,0.5,0.5]},"gui":{"rotation":[0,-180,0],"translation":[0,-2.75,0],"scale":[0.62,0.62,0.62]},"head":{"translation":[0,-33,-1.5],"scale":[2.5,2.5,2.5]},"fixed":{"translation":[0,-2.25,-2.25],"scale":[0.63,0.63,0.63]}},"groups":[0,1,{"name":"group","origin":[8,5,14],"color":0,"boneType":"","nbt":"{}","armAnimationEnabled":false,"children":[2,3,4,5,6,7,8,9,10,11,12,{"name":"group","origin":[8,5,2],"color":0,"boneType":"","nbt":"{}","armAnimationEnabled":false,"children":[13,14]},{"name":"group","origin":[0,0,0],"color":0,"boneType":"","nbt":"{}","armAnimationEnabled":false,"children":[15,16,{"name":"group","origin":[0,0,0],"color":0,"boneType":"","nbt":"{}","armAnimationEnabled":false,"children":[17,18,19,20,21,22,23]},24]}]},{"name":"group","origin":[0,0,0],"color":0,"boneType":"","nbt":"{}","armAnimationEnabled":false,"children":[25,26,27]},{"name":"group","origin":[0,0,0],"color":0,"boneType":"","nbt":"{}","armAnimationEnabled":false,"children":[28,29,30]},{"name":"group","origin":[0,0,0],"color":0,"boneType":"","nbt":"{}","armAnimationEnabled":false,"children":[31,32,33]},{"name":"group","origin":[0,0,0],"color":0,"boneType":"","nbt":"{}","armAnimationEnabled":false,"children":[34,35,36]}]}