{
	"credit": "Made with Blockbench",
	"textures": {
		"1": "item/unique/ticket"
	},
	"elements": [
		{
			"from": [8.3, 5.525, 5.5],
			"to": [8.8, 8.525, 10.5],
			"rotation": {"angle": 0, "axis": "y", "origin": [8.8, 5.525, 5.5]},
			"faces": {
				"north": {"uv": [4, 11, 7, 11.5], "rotation": 90, "texture": "#1"},
				"east": {"uv": [6, 0, 3, 5], "rotation": 270, "texture": "#1"},
				"south": {"uv": [7, 11, 10, 11.5], "rotation": 270, "texture": "#1"},
				"west": {"uv": [3, 5, 0, 0], "rotation": 270, "texture": "#1"},
				"up": {"uv": [9, 6, 14, 6.5], "rotation": 270, "texture": "#1"},
				"down": {"uv": [9, 7, 14, 7.5], "rotation": 270, "texture": "#1"}
			}
		},
		{
			"from": [7.75, 5.525, 5.5],
			"to": [8.25, 8.525, 10.5],
			"rotation": {"angle": 0, "axis": "y", "origin": [8.8, 5.525, 5.5]},
			"faces": {
				"north": {"uv": [12, 0, 15, 0.5], "rotation": 90, "texture": "#1"},
				"east": {"uv": [6, 5, 3, 10], "rotation": 270, "texture": "#1"},
				"south": {"uv": [12, 1, 15, 1.5], "rotation": 270, "texture": "#1"},
				"west": {"uv": [3, 10, 0, 5], "rotation": 270, "texture": "#1"},
				"up": {"uv": [9, 8, 14, 8.5], "rotation": 270, "texture": "#1"},
				"down": {"uv": [9, 9, 14, 9.5], "rotation": 270, "texture": "#1"}
			}
		},
		{
			"from": [7.2, 5.525, 5.5],
			"to": [7.7, 8.525, 10.5],
			"rotation": {"angle": 0, "axis": "y", "origin": [8.8, 5.525, 5.5]},
			"faces": {
				"north": {"uv": [12, 2, 15, 2.5], "rotation": 90, "texture": "#1"},
				"east": {"uv": [9, 5, 6, 10], "rotation": 270, "texture": "#1"},
				"south": {"uv": [12, 3, 15, 3.5], "rotation": 270, "texture": "#1"},
				"west": {"uv": [9, 5, 6, 0], "rotation": 270, "texture": "#1"},
				"up": {"uv": [0, 10, 5, 10.5], "rotation": 270, "texture": "#1"},
				"down": {"uv": [5, 10, 10, 10.5], "rotation": 270, "texture": "#1"}
			}
		},
		{
			"from": [7.1, 5.425, 7.6],
			"to": [8.9, 8.625, 8.4],
			"rotation": {"angle": 0, "axis": "y", "origin": [8.8, 5.525, 5.5]},
			"faces": {
				"north": {"uv": [9, 0, 12, 2], "rotation": 90, "texture": "#1"},
				"east": {"uv": [12, 5, 9, 6], "rotation": 270, "texture": "#1"},
				"south": {"uv": [9, 2, 12, 4], "rotation": 270, "texture": "#1"},
				"west": {"uv": [12, 5, 9, 4], "rotation": 270, "texture": "#1"},
				"up": {"uv": [2, 11, 3, 13], "rotation": 270, "texture": "#1"},
				"down": {"uv": [3, 11, 4, 13], "rotation": 270, "texture": "#1"}
			}
		},
		{
			"from": [7, 7.975, 7.75],
			"to": [7.1, 8.475, 8.25],
			"rotation": {"angle": 0, "axis": "y", "origin": [8.8, 5.525, 5.5]},
			"faces": {
				"north": {"uv": [0, 13, 0.5, 13.5], "rotation": 90, "texture": "#1"},
				"east": {"uv": [13.5, 4, 13, 4.5], "rotation": 270, "texture": "#1"},
				"south": {"uv": [2, 13, 2.5, 13.5], "rotation": 270, "texture": "#1"},
				"west": {"uv": [4.5, 13.5, 4, 13], "rotation": 270, "texture": "#1"},
				"up": {"uv": [1, 13, 1.5, 13.5], "rotation": 270, "texture": "#1"},
				"down": {"uv": [3, 13, 3.5, 13.5], "rotation": 270, "texture": "#1"}
			}
		},
		{
			"from": [7, 5.525, 7.75],
			"to": [7.1, 6.025, 8.25],
			"rotation": {"angle": 0, "axis": "y", "origin": [8.8, 5.525, 5.5]},
			"faces": {
				"north": {"uv": [5, 13, 5.5, 13.5], "rotation": 90, "texture": "#1"},
				"east": {"uv": [10.5, 13, 10, 13.5], "rotation": 270, "texture": "#1"},
				"south": {"uv": [7, 13, 7.5, 13.5], "rotation": 270, "texture": "#1"},
				"west": {"uv": [9.5, 13.5, 9, 13], "rotation": 270, "texture": "#1"},
				"up": {"uv": [6, 13, 6.5, 13.5], "rotation": 270, "texture": "#1"},
				"down": {"uv": [8, 13, 8.5, 13.5], "rotation": 270, "texture": "#1"}
			}
		},
		{
			"from": [8.9, 7.975, 7.75],
			"to": [9, 8.475, 8.25],
			"rotation": {"angle": 0, "axis": "y", "origin": [8.8, 5.525, 5.5]},
			"faces": {
				"north": {"uv": [0, 14, 0.5, 14.5], "rotation": 90, "texture": "#1"},
				"east": {"uv": [14.5, 4, 14, 4.5], "rotation": 270, "texture": "#1"},
				"south": {"uv": [2, 14, 2.5, 14.5], "rotation": 270, "texture": "#1"},
				"west": {"uv": [4.5, 14.5, 4, 14], "rotation": 270, "texture": "#1"},
				"up": {"uv": [1, 14, 1.5, 14.5], "rotation": 270, "texture": "#1"},
				"down": {"uv": [3, 14, 3.5, 14.5], "rotation": 270, "texture": "#1"}
			}
		},
		{
			"from": [8.9, 5.525, 7.75],
			"to": [9, 6.025, 8.25],
			"rotation": {"angle": 0, "axis": "y", "origin": [8.8, 5.525, 5.5]},
			"faces": {
				"north": {"uv": [13, 10, 13.5, 10.5], "rotation": 90, "texture": "#1"},
				"east": {"uv": [13.5, 13, 13, 13.5], "rotation": 270, "texture": "#1"},
				"south": {"uv": [13, 11, 13.5, 11.5], "rotation": 270, "texture": "#1"},
				"west": {"uv": [13.5, 12.5, 13, 12], "rotation": 270, "texture": "#1"},
				"up": {"uv": [11, 13, 11.5, 13.5], "rotation": 270, "texture": "#1"},
				"down": {"uv": [12, 13, 12.5, 13.5], "rotation": 270, "texture": "#1"}
			}
		},
		{
			"from": [7.05, 6.375, 7.35],
			"to": [7.3, 7.675, 8.65],
			"rotation": {"angle": 45, "axis": "x", "origin": [7.175, 7.025, 8]},
			"faces": {
				"north": {"uv": [5, 12, 6.5, 12.5], "rotation": 90, "texture": "#1"},
				"east": {"uv": [1.5, 11, 0, 12.5], "rotation": 270, "texture": "#1"},
				"south": {"uv": [7, 12, 8.5, 12.5], "rotation": 270, "texture": "#1"},
				"west": {"uv": [11.5, 11.5, 10, 10], "rotation": 270, "texture": "#1"},
				"up": {"uv": [12, 5, 13.5, 5.5], "rotation": 270, "texture": "#1"},
				"down": {"uv": [9, 12, 10.5, 12.5], "rotation": 270, "texture": "#1"}
			}
		},
		{
			"from": [6.95, 6.525, 7.5],
			"to": [7.2, 7.525, 8.5],
			"rotation": {"angle": 45, "axis": "x", "origin": [7.175, 7.025, 8]},
			"faces": {
				"north": {"uv": [12, 10, 13, 10.5], "rotation": 90, "texture": "#1"},
				"east": {"uv": [13, 4, 12, 5], "rotation": 270, "texture": "#1"},
				"south": {"uv": [12, 11, 13, 11.5], "rotation": 270, "texture": "#1"},
				"west": {"uv": [5, 13, 4, 12], "rotation": 270, "texture": "#1"},
				"up": {"uv": [11, 12, 12, 12.5], "rotation": 270, "texture": "#1"},
				"down": {"uv": [12, 12, 13, 12.5], "rotation": 270, "texture": "#1"}
			}
		}
	],
	"display": {
		"thirdperson_righthand": {
			"rotation": [-89, 0, 0],
			"translation": [0, 1.25, -0.25]
		},
		"firstperson_righthand": {
			"rotation": [-90, 0, 68],
			"translation": [2.75, 0, -2.25]
		},
		"ground": {
			"rotation": [-90, 0, -90],
			"translation": [1, 0, 0]
		},
		"gui": {
			"rotation": [-90, 0, 90],
			"translation": [-1.75, 0, 0],
			"scale": [2, 2, 2]
		},
		"head": {
			"rotation": [-90, 0, -90],
			"translation": [0.75, 9, 0]
		},
		"fixed": {
			"rotation": [-90, 0, -90],
			"translation": [1.5, 0, 0],
			"scale": [2, 2, 2]
		}
	}
}