{
	"credit": "www.sebxter.pl",
	"texture_size": [64, 64],
	"textures": {
		"0": "item/swords/christmas_sword",
		"particle": "item/swords/christmas_sword"
	},
	"elements": [
		{
			"from": [7, -13, 7],
			"to": [9, -2, 9],
			"rotation": {"angle": 0, "axis": "y", "origin": [7.89296, 5.22754, 8]},
			"faces": {
				"north": {"uv": [5.492, 4.508, 5.008, 7.242], "texture": "#0"},
				"east": {"uv": [6.742, 0.008, 6.258, 2.742], "texture": "#0"},
				"south": {"uv": [4.492, 6.008, 4.008, 8.742], "texture": "#0"},
				"west": {"uv": [6.242, 4.508, 5.758, 7.242], "texture": "#0"},
				"up": {"uv": [8.008, 2.742, 8.492, 2.258], "texture": "#0"},
				"down": {"uv": [1.008, 8.258, 1.492, 8.742], "texture": "#0"}
			}
		},
		{
			"from": [6.5, 2.75, 7.5],
			"to": [9.5, 6.75, 8.5],
			"rotation": {"angle": 0, "axis": "y", "origin": [7.89296, 5.22754, 8]},
			"faces": {
				"north": {"uv": [3.742, 6.508, 3.008, 7.492], "texture": "#0"},
				"east": {"uv": [1.992, 8.758, 1.758, 9.742], "texture": "#0"},
				"south": {"uv": [7.242, 4.508, 6.508, 5.492], "texture": "#0"},
				"west": {"uv": [5.742, 8.258, 5.508, 9.242], "texture": "#0"},
				"up": {"uv": [8.758, 2.492, 9.492, 2.258], "texture": "#0"},
				"down": {"uv": [8.758, 4.508, 9.492, 4.742], "texture": "#0"}
			}
		},
		{
			"from": [6.02341, 6.10105, 7.5],
			"to": [9.02341, 11.10105, 8.5],
			"rotation": {"angle": -22.5, "axis": "z", "origin": [7.89296, 5.22754, 8]},
			"faces": {
				"north": {"uv": [6.992, 3.008, 6.258, 4.242], "texture": "#0"},
				"east": {"uv": [0.742, 8.258, 0.508, 9.492], "texture": "#0"},
				"south": {"uv": [2.742, 6.508, 2.008, 7.742], "texture": "#0"},
				"west": {"uv": [0.242, 8.258, 0.008, 9.492], "texture": "#0"},
				"up": {"uv": [8.758, 5.242, 9.492, 5.008], "texture": "#0"},
				"down": {"uv": [8.758, 5.508, 9.492, 5.742], "texture": "#0"}
			}
		},
		{
			"from": [8.18506, 10.22135, 7.5],
			"to": [11.18506, 21.22135, 8.5],
			"rotation": {"angle": 0, "axis": "z", "origin": [7.89296, 5.22754, 8]},
			"faces": {
				"north": {"uv": [0.742, 3.508, 0.008, 6.242], "texture": "#0"},
				"east": {"uv": [7.242, 0.008, 7.008, 2.742], "texture": "#0"},
				"south": {"uv": [1.742, 3.508, 1.008, 6.242], "texture": "#0"},
				"west": {"uv": [6.742, 5.758, 6.508, 8.492], "texture": "#0"},
				"up": {"uv": [8.758, 6.242, 9.492, 6.008], "texture": "#0"},
				"down": {"uv": [6.508, 8.758, 7.242, 8.992], "texture": "#0"}
			}
		},
		{
			"from": [18.53016, 14.20901, 7.5],
			"to": [21.53016, 25.20901, 8.5],
			"rotation": {"angle": 45, "axis": "z", "origin": [7.89296, 5.22754, 8]},
			"faces": {
				"north": {"uv": [2.742, 3.508, 2.008, 6.242], "texture": "#0"},
				"east": {"uv": [7.742, 0.008, 7.508, 2.742], "texture": "#0"},
				"south": {"uv": [3.742, 3.508, 3.008, 6.242], "texture": "#0"},
				"west": {"uv": [7.242, 5.758, 7.008, 8.492], "texture": "#0"},
				"up": {"uv": [8.758, 6.742, 9.492, 6.508], "texture": "#0"},
				"down": {"uv": [8.758, 7.008, 9.492, 7.242], "texture": "#0"}
			}
		},
		{
			"from": [21.35338, 13.32512, 8],
			"to": [24.35338, 24.32512, 8],
			"rotation": {"angle": 45, "axis": "z", "origin": [7.89296, 5.22754, 8]},
			"faces": {
				"north": {"uv": [4.742, 0.008, 4.008, 2.742], "texture": "#0"},
				"east": {"uv": [1.508, 9.008, 1.508, 11.742], "texture": "#0"},
				"south": {"uv": [4.742, 3.008, 4.008, 5.742], "texture": "#0"},
				"west": {"uv": [1.258, 9.008, 1.258, 11.742], "texture": "#0"},
				"up": {"uv": [8.758, 2.758, 9.492, 2.758], "texture": "#0"},
				"down": {"uv": [8.758, 8.008, 9.492, 8.008], "texture": "#0"}
			}
		},
		{
			"from": [10.80638, 9.59267, 8],
			"to": [13.80638, 22.59267, 8],
			"rotation": {"angle": 0, "axis": "z", "origin": [7.89296, 5.22754, 8]},
			"faces": {
				"north": {"uv": [0.742, 0.008, 0.008, 3.242], "texture": "#0"},
				"east": {"uv": [5.008, 9.008, 5.008, 12.242], "texture": "#0"},
				"south": {"uv": [1.742, 0.008, 1.008, 3.242], "texture": "#0"},
				"west": {"uv": [4.758, 9.008, 4.758, 12.242], "texture": "#0"},
				"up": {"uv": [7.508, 9.008, 8.242, 9.008], "texture": "#0"},
				"down": {"uv": [9.008, 8.258, 9.742, 8.258], "texture": "#0"}
			}
		},
		{
			"from": [8.68578, -1.47664, 8],
			"to": [11.68578, 11.52336, 8],
			"rotation": {"angle": -22.5, "axis": "z", "origin": [7.89296, 5.22754, 8]},
			"faces": {
				"north": {"uv": [2.742, 0.008, 2.008, 3.242], "texture": "#0"},
				"east": {"uv": [8.508, 9.008, 8.508, 12.242], "texture": "#0"},
				"south": {"uv": [3.742, 0.008, 3.008, 3.242], "texture": "#0"},
				"west": {"uv": [5.258, 9.008, 5.258, 12.242], "texture": "#0"},
				"up": {"uv": [9.008, 8.508, 9.742, 8.508], "texture": "#0"},
				"down": {"uv": [8.758, 9.008, 9.492, 9.008], "texture": "#0"}
			}
		},
		{
			"from": [10.07387, 21.75869, 7.5],
			"to": [13.07387, 27.75869, 8.5],
			"rotation": {"angle": 22.5, "axis": "z", "origin": [7.89296, 5.22754, 8]},
			"faces": {
				"north": {"uv": [0.742, 6.508, 0.008, 7.992], "texture": "#0"},
				"east": {"uv": [3.492, 7.758, 3.258, 9.242], "texture": "#0"},
				"south": {"uv": [1.742, 6.508, 1.008, 7.992], "texture": "#0"},
				"west": {"uv": [6.242, 7.508, 6.008, 8.992], "texture": "#0"},
				"up": {"uv": [8.758, 7.742, 9.492, 7.508], "texture": "#0"},
				"down": {"uv": [3.758, 9.008, 4.492, 9.242], "texture": "#0"}
			}
		},
		{
			"from": [6, 1.94532, 9.28221],
			"to": [10, 3.94532, 11.28221],
			"rotation": {"angle": 45, "axis": "x", "origin": [7.89296, 5.22754, 8]},
			"faces": {
				"north": {"uv": [8.992, 0.008, 8.008, 0.492], "texture": "#0"},
				"east": {"uv": [2.742, 8.758, 2.258, 9.242], "texture": "#0"},
				"south": {"uv": [8.992, 0.758, 8.008, 1.242], "texture": "#0"},
				"west": {"uv": [8.992, 3.758, 8.508, 4.242], "texture": "#0"},
				"up": {"uv": [8.008, 1.992, 8.992, 1.508], "texture": "#0"},
				"down": {"uv": [2.008, 8.008, 2.992, 8.492], "texture": "#0"}
			}
		},
		{
			"from": [-2.05964, -12.03616, 7],
			"to": [1.94036, -10.03616, 9],
			"rotation": {"angle": 22.5, "axis": "z", "origin": [7.89296, 5.22754, 8]},
			"faces": {
				"north": {"uv": [8.242, 3.008, 7.258, 3.492], "texture": "#0"},
				"east": {"uv": [7.992, 8.258, 7.508, 8.742], "texture": "#0"},
				"south": {"uv": [8.242, 3.758, 7.258, 4.242], "texture": "#0"},
				"west": {"uv": [5.242, 8.258, 4.758, 8.742], "texture": "#0"},
				"up": {"uv": [7.508, 4.992, 8.492, 4.508], "texture": "#0"},
				"down": {"uv": [4.758, 7.508, 5.742, 7.992], "texture": "#0"}
			}
		},
		{
			"from": [9.06268, -14.01729, 7],
			"to": [13.06268, -12.01729, 9],
			"rotation": {"angle": -22.5, "axis": "z", "origin": [7.89296, 5.22754, 8]},
			"faces": {
				"north": {"uv": [8.492, 5.258, 7.508, 5.742], "texture": "#0"},
				"east": {"uv": [8.992, 3.008, 8.508, 3.492], "texture": "#0"},
				"south": {"uv": [8.492, 6.008, 7.508, 6.492], "texture": "#0"},
				"west": {"uv": [8.742, 8.258, 8.258, 8.742], "texture": "#0"},
				"up": {"uv": [7.508, 7.242, 8.492, 6.758], "texture": "#0"},
				"down": {"uv": [7.508, 7.508, 8.492, 7.992], "texture": "#0"}
			}
		},
		{
			"from": [9.81846, -5.9438, 6],
			"to": [9.81846, 2.0562, 10],
			"rotation": {"angle": -22.5, "axis": "z", "origin": [7.89296, 5.22754, 8]},
			"faces": {
				"north": {"uv": [3.008, 8.758, 3.008, 10.742], "texture": "#0"},
				"east": {"uv": [5.992, 2.258, 5.008, 4.242], "texture": "#0"},
				"south": {"uv": [1.008, 9.008, 1.008, 10.992], "texture": "#0"},
				"west": {"uv": [5.992, 0.008, 5.008, 1.992], "texture": "#0"},
				"up": {"uv": [4.758, 6.992, 4.758, 6.008], "texture": "#0"},
				"down": {"uv": [3.758, 7.758, 3.758, 8.742], "texture": "#0"}
			}
		},
		{
			"from": [6.16524, -6.02572, 6],
			"to": [6.16524, 1.97428, 10],
			"rotation": {"angle": 22.5, "axis": "z", "origin": [7.89296, 5.22754, 8]},
			"faces": {
				"north": {"uv": [3.008, 8.758, 3.008, 10.742], "texture": "#0"},
				"east": {"uv": [5.008, 0.008, 5.992, 1.992], "texture": "#0"},
				"south": {"uv": [1.008, 9.008, 1.008, 10.992], "texture": "#0"},
				"west": {"uv": [5.008, 2.258, 5.992, 4.242], "texture": "#0"},
				"up": {"uv": [4.758, 6.992, 4.758, 6.008], "texture": "#0"},
				"down": {"uv": [3.758, 7.758, 3.758, 8.742], "texture": "#0"}
			}
		},
		{
			"from": [6, -5.98476, 9.82661],
			"to": [10, 2.01524, 9.82661],
			"rotation": {"angle": 22.5, "axis": "x", "origin": [7.89296, 5.22754, 8]},
			"faces": {
				"north": {"uv": [5.008, 0.008, 5.992, 1.992], "texture": "#0"},
				"east": {"uv": [1.008, 9.008, 1.008, 10.992], "texture": "#0"},
				"south": {"uv": [5.008, 2.258, 5.992, 4.242], "texture": "#0"},
				"west": {"uv": [3.008, 8.758, 3.008, 10.742], "texture": "#0"},
				"up": {"uv": [4.758, 6.008, 4.758, 6.992], "rotation": 90, "texture": "#0"},
				"down": {"uv": [3.758, 8.742, 3.758, 7.758], "rotation": 270, "texture": "#0"}
			}
		},
		{
			"from": [6, -5.98476, 6.17339],
			"to": [10, 2.01524, 6.17339],
			"rotation": {"angle": -22.5, "axis": "x", "origin": [7.89296, 5.22754, 8]},
			"faces": {
				"north": {"uv": [5.992, 2.258, 5.008, 4.242], "texture": "#0"},
				"east": {"uv": [1.008, 9.008, 1.008, 10.992], "texture": "#0"},
				"south": {"uv": [5.992, 0.008, 5.008, 1.992], "texture": "#0"},
				"west": {"uv": [3.008, 8.758, 3.008, 10.742], "texture": "#0"},
				"up": {"uv": [4.758, 6.008, 4.758, 6.992], "rotation": 90, "texture": "#0"},
				"down": {"uv": [3.758, 8.742, 3.758, 7.758], "rotation": 270, "texture": "#0"}
			}
		}
	],
	"display": {
		"thirdperson": {
			"rotation": [0, -90, 75],
			"translation": [0, 0.7, -5],
			"scale": [0.75, 0.75, 0.75]
		},
		"firstperson": {
			"rotation": [0, 45, 0],
			"translation": [0.5, -2, 0],
			"scale": [1.5, 1.5, 1.5]
		},
		"ground": {
			"translation": [0, 1, 0],
			"scale": [2, 2, 2]
		},
		"gui": {
			"rotation": [20, 5, 45],
			"translation": [0, -1, 0],
			"scale": [0.75, 0.75, 0.75]
		},
		"fixed": {
			"translation": [0, -2.5, -0.25],
			"scale": [1.5, 1.5, 1.5]
		}
	}
}