{
	"texture_size": [32, 32],
	"textures": {
		"1": "item/swords/poison_sword"
	},
	"elements": [
		{
			"from": [6.5, 29, 7],
			"to": [9.5, 32, 9],
			"rotation": {"angle": 45, "axis": "z", "origin": [8, 30.5, 8]},
			"faces": {
				"north": {"uv": [8, 8, 9.5, 9.5], "texture": "#1"},
				"east": {"uv": [7.5, 9.5, 8.5, 11], "texture": "#1"},
				"south": {"uv": [6, 9, 7.5, 10.5], "texture": "#1"},
				"west": {"uv": [9.5, 8, 10.5, 9.5], "texture": "#1"},
				"up": {"uv": [10, 10.5, 8.5, 9.5], "texture": "#1"},
				"down": {"uv": [1.5, 12.5, 0, 13.5], "texture": "#1"}
			}
		},
		{
			"from": [7.01, 21.01, 7.01],
			"to": [8.99, 29.99, 8.99],
			"rotation": {"angle": 0, "axis": "y", "origin": [8, -3.5, 7.5]},
			"faces": {
				"north": {"uv": [6, 0, 7, 4.5], "texture": "#1"},
				"east": {"uv": [6, 4.5, 7, 9], "texture": "#1"},
				"south": {"uv": [7, 0, 8, 4.5], "texture": "#1"},
				"west": {"uv": [7, 4.5, 8, 9], "texture": "#1"},
				"up": {"uv": [5, 13.5, 4, 12.5], "texture": "#1"},
				"down": {"uv": [11, 4.5, 10, 5.5], "texture": "#1"}
			}
		},
		{
			"from": [4, 19, 7],
			"to": [12, 21, 9],
			"rotation": {"angle": 0, "axis": "y", "origin": [8, -3.5, 7.5]},
			"faces": {
				"north": {"uv": [8, 0, 12, 1], "texture": "#1"},
				"east": {"uv": [5, 10, 6, 11], "texture": "#1"},
				"south": {"uv": [8, 1, 12, 2], "texture": "#1"},
				"west": {"uv": [10, 5.5, 11, 6.5], "texture": "#1"},
				"up": {"uv": [12, 3, 8, 2], "texture": "#1"},
				"down": {"uv": [12, 3, 8, 4], "texture": "#1"}
			}
		},
		{
			"from": [3.99, 19.99, 6.99],
			"to": [6.01, 22.01, 9.01],
			"rotation": {"angle": 22.5, "axis": "z", "origin": [4, 20, 7]},
			"faces": {
				"north": {"uv": [10, 6.5, 11, 7.5], "texture": "#1"},
				"east": {"uv": [10, 9.5, 11, 10.5], "texture": "#1"},
				"south": {"uv": [1.5, 13, 2.5, 14], "texture": "#1"},
				"west": {"uv": [2.5, 13, 3.5, 14], "texture": "#1"},
				"up": {"uv": [7, 11.5, 6, 10.5], "texture": "#1"},
				"down": {"uv": [11.5, 7.5, 10.5, 8.5], "texture": "#1"}
			}
		},
		{
			"from": [9.99, 19.99, 6.99],
			"to": [12.01, 22.01, 9.01],
			"rotation": {"angle": -22.5, "axis": "z", "origin": [12, 20, 7]},
			"faces": {
				"north": {"uv": [8.5, 10.5, 9.5, 11.5], "texture": "#1"},
				"east": {"uv": [10.5, 8.5, 11.5, 9.5], "texture": "#1"},
				"south": {"uv": [9.5, 10.5, 10.5, 11.5], "texture": "#1"},
				"west": {"uv": [10.5, 10.5, 11.5, 11.5], "texture": "#1"},
				"up": {"uv": [1, 14.5, 0, 13.5], "texture": "#1"},
				"down": {"uv": [4.5, 13.5, 3.5, 14.5], "texture": "#1"}
			}
		},
		{
			"from": [3.99, 17.99, 6.99],
			"to": [6.01, 20.01, 9.01],
			"rotation": {"angle": -22.5, "axis": "z", "origin": [4, 20, 7]},
			"faces": {
				"north": {"uv": [4.5, 13.5, 5.5, 14.5], "texture": "#1"},
				"east": {"uv": [11, 4.5, 12, 5.5], "texture": "#1"},
				"south": {"uv": [11, 5.5, 12, 6.5], "texture": "#1"},
				"west": {"uv": [11, 6.5, 12, 7.5], "texture": "#1"},
				"up": {"uv": [8, 12, 7, 11], "texture": "#1"},
				"down": {"uv": [12, 9.5, 11, 10.5], "texture": "#1"}
			}
		},
		{
			"from": [9.99, 17.99, 6.99],
			"to": [12.01, 20.01, 9.01],
			"rotation": {"angle": 22.5, "axis": "z", "origin": [12, 20, 7]},
			"faces": {
				"north": {"uv": [1, 14, 2, 15], "texture": "#1"},
				"east": {"uv": [2, 14, 3, 15], "texture": "#1"},
				"south": {"uv": [5.5, 14, 6.5, 15], "texture": "#1"},
				"west": {"uv": [11.5, 7.5, 12.5, 8.5], "texture": "#1"},
				"up": {"uv": [9, 12.5, 8, 11.5], "texture": "#1"},
				"down": {"uv": [12.5, 8.5, 11.5, 9.5], "texture": "#1"}
			}
		},
		{
			"from": [7, 17, 7],
			"to": [9, 19, 9],
			"rotation": {"angle": 0, "axis": "y", "origin": [7, 17, 7]},
			"faces": {
				"north": {"uv": [9, 11.5, 10, 12.5], "texture": "#1"},
				"east": {"uv": [10, 11.5, 11, 12.5], "texture": "#1"},
				"south": {"uv": [11.5, 10.5, 12.5, 11.5], "texture": "#1"},
				"west": {"uv": [11, 11.5, 12, 12.5], "texture": "#1"},
				"up": {"uv": [1, 13, 0, 12], "texture": "#1"},
				"down": {"uv": [13, 0, 12, 1], "texture": "#1"}
			}
		},
		{
			"from": [5.5, -1, 7.5],
			"to": [10.5, 19, 8.5],
			"rotation": {"angle": 0, "axis": "y", "origin": [0, 3, 0]},
			"faces": {
				"north": {"uv": [3.5, 0, 6, 10], "texture": "#1"},
				"east": {"uv": [3, 0, 3.5, 10], "texture": "#1"},
				"south": {"uv": [0.5, 0, 3, 10], "texture": "#1"},
				"west": {"uv": [0, 0, 0.5, 10], "texture": "#1"},
				"up": {"uv": [4, 10.5, 1.5, 10], "texture": "#1"},
				"down": {"uv": [12.5, 4, 10, 4.5], "texture": "#1"}
			}
		},
		{
			"from": [7.99, -3.51, 7.49],
			"to": [11.545, 0.045, 8.51],
			"rotation": {"angle": 45, "axis": "z", "origin": [8, -3.5, 7.5]},
			"faces": {
				"north": {"uv": [4, 10, 6, 12], "texture": "#1"},
				"east": {"uv": [2, 10, 2.5, 12], "texture": "#1"},
				"south": {"uv": [0.5, 10, 2.5, 12], "texture": "#1"},
				"west": {"uv": [0, 10, 0.5, 12], "texture": "#1"},
				"up": {"uv": [14, 1.5, 12, 1], "texture": "#1"},
				"down": {"uv": [3, 11.5, 1, 12], "texture": "#1"}
			}
		}
	],
	"gui_light": "front",
	"display": {
		"thirdperson": {
			"rotation": [185, 90, 70],
			"translation": [0.3, 2.5, -7.5],
			"scale": [0.75, 0.75, 0.75]
		},
		"firstperson": {
			"rotation": [0, 50, -180],
			"translation": [3, 8, 1],
			"scale": [1.25 , 1.25 , 1.25]
		},
		"ground": {
			"rotation": [0, 50, -180],
			"translation": [0, 1, 0],
			"scale": [2, 2, 2]
		},
		"gui": {
			"rotation": [-45, 70, -180],
			"translation": [0, 3, -2],
			"scale": [0.8, 0.8, 0.8]
		},
		"fixed": {
			"rotation": [0, 5, 45],
			"translation": [3, -2.5, 0],
			"scale": [1.5, 1.5, 1.5]
		}
	},
	"groups": [
		{
			"name": "sword",
			"origin": [8, 8, 8],
			"color": 0,
			"children": [
				{
					"name": "pommel",
					"origin": [8, 8, 8],
					"color": 0,
					"children": [0]
				},
				{
					"name": "grip",
					"origin": [8, 8, 8],
					"color": 0,
					"children": [1]
				},
				{
					"name": "guard",
					"origin": [8, 8, 8],
					"color": 0,
					"children": [
						{
							"name": "cross-guard",
							"origin": [8, 8, 8],
							"color": 0,
							"children": [2, 3, 4, 5, 6]
						},
						{
							"name": "rain-guard",
							"origin": [8, 8, 8],
							"color": 0,
							"children": [7]
						}
					]
				},
				{
					"name": "blade",
					"origin": [8, 8, 8],
					"color": 0,
					"children": [8, 9]
				}
			]
		}
	]
}